rank,recency,history_segment,history,mens,womens,newbie,segment,visit,conversion,spend,treatment,zip_code_Surburban,zip_code_Urban,channel_Phone,channel_Web,ite,allocated,discount_tier,tier_cost,ite_multiplier,expected_incremental_conversion
1,1,"7) $1,000 +",3215.97,1,1,1,Mens E-Mail,1,0,0.0,1,False,True,False,False,0.020980657301225687,1,low,5.0,1.0,0.020980657301225687
2,1,"7) $1,000 +",2895.11,1,1,1,Mens E-Mail,0,0,0.0,1,False,True,False,False,0.020012590937545153,1,low,5.0,1.0,0.020012590937545153
3,6,"7) $1,000 +",2583.84,1,1,1,Mens E-Mail,1,0,0.0,1,False,True,False,False,0.01950930788789137,1,low,5.0,1.0,0.01950930788789137
4,2,"7) $1,000 +",2389.36,1,1,1,Womens E-Mail,0,0,0.0,1,False,True,False,False,0.018573863019171893,1,low,5.0,1.0,0.018573863019171893
5,1,"7) $1,000 +",2859.63,1,1,1,Mens E-Mail,0,0,0.0,1,False,True,False,True,0.018175173445446804,1,low,5.0,1.0,0.018175173445446804
6,2,"7) $1,000 +",3345.93,1,1,1,No E-Mail,0,0,0.0,0,True,False,True,False,0.01752933017850453,1,low,5.0,1.0,0.01752933017850453
7,1,"7) $1,000 +",1999.94,1,1,1,Mens E-Mail,1,0,0.0,1,False,True,False,False,0.017311774485585095,1,low,5.0,1.0,0.017311774485585095
8,3,"7) $1,000 +",2046.91,1,1,1,Mens E-Mail,1,0,0.0,1,True,False,False,False,0.017289186382404797,1,low,5.0,1.0,0.017289186382404797
9,1,"7) $1,000 +",2095.48,1,1,1,Mens E-Mail,1,0,0.0,1,True,False,False,False,0.017261387143483128,1,low,5.0,1.0,0.017261387143483128
10,1,"7) $1,000 +",2080.11,1,1,1,No E-Mail,0,0,0.0,0,True,False,False,False,0.017215014332881088,1,low,5.0,1.0,0.017215014332881088
11,1,"7) $1,000 +",2072.15,1,1,1,Womens E-Mail,1,0,0.0,1,True,False,False,False,0.017190998225373462,1,low,5.0,1.0,0.017190998225373462
12,1,"7) $1,000 +",1946.37,1,1,1,Mens E-Mail,1,0,0.0,1,False,True,False,False,0.017150148495737916,1,low,5.0,1.0,0.017150148495737916
13,1,"7) $1,000 +",1865.48,1,1,1,Mens E-Mail,0,0,0.0,1,False,True,False,False,0.016906095363037926,1,low,5.0,1.0,0.016906095363037926
14,1,"7) $1,000 +",1953.9,1,1,1,Womens E-Mail,0,0,0.0,1,True,False,False,False,0.016834226276532152,1,low,5.0,1.0,0.016834226276532152
15,1,"7) $1,000 +",3003.48,1,1,1,No E-Mail,0,0,0.0,0,False,True,True,False,0.01674759575597848,1,low,5.0,1.0,0.01674759575597848
16,3,"7) $1,000 +",2079.58,1,1,1,Womens E-Mail,0,0,0.0,1,False,False,False,False,0.016652336511681444,1,low,5.0,1.0,0.016652336511681444
17,3,"7) $1,000 +",1716.48,1,1,1,Womens E-Mail,0,0,0.0,1,False,True,False,False,0.016630887356106464,1,low,5.0,1.0,0.016630887356106464
18,2,"7) $1,000 +",1840.85,1,1,1,No E-Mail,1,0,0.0,0,True,False,False,False,0.016580313109194684,1,low,5.0,1.0,0.016580313109194684
19,1,"7) $1,000 +",2766.42,0,1,1,Mens E-Mail,0,0,0.0,1,False,True,False,False,0.016425973701235795,1,low,5.0,1.0,0.016425973701235795
20,9,"7) $1,000 +",1465.25,1,1,1,Mens E-Mail,0,0,0.0,1,False,True,False,False,0.016395920793448766,1,low,5.0,1.0,0.016395920793448766
21,5,"7) $1,000 +",1667.27,1,1,1,Mens E-Mail,0,0,0.0,1,True,False,False,False,0.016318114677538787,1,low,5.0,1.0,0.016318114677538787
22,1,"7) $1,000 +",1761.53,1,1,1,No E-Mail,0,0,0.0,0,True,False,False,False,0.016253826954768066,1,low,5.0,1.0,0.016253826954768066
23,4,"7) $1,000 +",1530.06,1,1,1,Womens E-Mail,0,0,0.0,1,False,True,False,False,0.016155609640046066,1,low,5.0,1.0,0.016155609640046066
24,1,"7) $1,000 +",1613.77,1,1,1,Womens E-Mail,1,0,0.0,1,False,True,False,False,0.016146661390582566,1,low,5.0,1.0,0.016146661390582566
25,1,"7) $1,000 +",1596.15,1,1,1,No E-Mail,0,0,0.0,0,False,True,False,False,0.01609350010738101,1,low,5.0,1.0,0.01609350010738101
26,2,"7) $1,000 +",1659.68,1,1,1,No E-Mail,1,0,0.0,0,True,False,False,False,0.016033705295481534,1,low,5.0,1.0,0.016033705295481534
27,1,"7) $1,000 +",1570.2,1,1,1,Mens E-Mail,0,0,0.0,1,False,True,False,False,0.016015206390066577,1,low,5.0,1.0,0.016015206390066577
28,2,"7) $1,000 +",1643.83,1,1,1,No E-Mail,0,0,0.0,0,True,False,False,False,0.015985884277391598,1,low,5.0,1.0,0.015985884277391598
29,1,"7) $1,000 +",1657.03,1,1,1,Womens E-Mail,0,0,0.0,1,True,False,False,False,0.01593854011625714,1,low,5.0,1.0,0.01593854011625714
30,3,"7) $1,000 +",1486.76,1,1,1,Mens E-Mail,0,0,0.0,1,False,True,False,False,0.015937799389190387,1,low,5.0,1.0,0.015937799389190387
31,1,"7) $1,000 +",1655.63,1,1,1,Womens E-Mail,0,0,0.0,1,True,False,False,False,0.015934316177750773,1,low,5.0,1.0,0.015934316177750773
32,1,"7) $1,000 +",2728.69,1,1,1,Mens E-Mail,1,0,0.0,1,False,True,True,False,0.015918527140146736,1,low,5.0,1.0,0.015918527140146736
33,3,"7) $1,000 +",1829.32,1,1,1,Mens E-Mail,0,0,0.0,1,False,False,False,False,0.015897277332679108,1,low,5.0,1.0,0.015897277332679108
34,1,"7) $1,000 +",1516.24,1,1,1,No E-Mail,1,0,0.0,0,False,True,False,False,0.01585240373163548,1,low,5.0,1.0,0.01585240373163548
35,1,"7) $1,000 +",1862.61,1,1,1,Womens E-Mail,0,0,0.0,1,False,False,False,False,0.01582337682205938,1,low,5.0,1.0,0.01582337682205938
36,9,"7) $1,000 +",1380.72,1,1,1,No E-Mail,0,0,0.0,0,True,False,False,False,0.015802244446460074,1,low,5.0,1.0,0.015802244446460074
37,1,"7) $1,000 +",1493.6,1,1,1,No E-Mail,0,0,0.0,0,False,True,False,False,0.01578409661178967,1,low,5.0,1.0,0.01578409661178967
38,1,"7) $1,000 +",1843.47,1,1,1,Mens E-Mail,0,0,0.0,1,False,False,False,False,0.015765629548479484,1,low,5.0,1.0,0.015765629548479484
39,2,"7) $1,000 +",1552.79,1,1,1,No E-Mail,0,0,0.0,0,True,False,False,False,0.015711207590520453,1,low,5.0,1.0,0.015711207590520453
40,3,"7) $1,000 +",1767.39,1,1,1,Womens E-Mail,0,0,0.0,1,False,False,False,False,0.015710428395751052,1,low,5.0,1.0,0.015710428395751052
41,1,"7) $1,000 +",1458.7,1,1,1,Womens E-Mail,0,0,0.0,1,False,True,False,False,0.015678799859023818,1,low,5.0,1.0,0.015678799859023818
42,9,"7) $1,000 +",1214.07,1,1,1,Mens E-Mail,1,0,0.0,1,False,True,False,False,0.01563808588342796,1,low,5.0,1.0,0.01563808588342796
43,2,"7) $1,000 +",1411.83,1,1,1,No E-Mail,0,0,0.0,0,False,True,False,False,0.01562455829908016,1,low,5.0,1.0,0.01562455829908016
44,1,"7) $1,000 +",1551.66,1,1,1,No E-Mail,1,0,0.0,0,True,False,False,False,0.015620628401674401,1,low,5.0,1.0,0.015620628401674401
45,2,"7) $1,000 +",1403.78,1,1,1,No E-Mail,1,0,0.0,0,False,True,False,False,0.015600270652668554,1,low,5.0,1.0,0.015600270652668554
46,3,"7) $1,000 +",1480.47,1,1,1,No E-Mail,0,0,0.0,0,True,False,False,False,0.01558018086272892,1,low,5.0,1.0,0.01558018086272892
47,1,"7) $1,000 +",1425.75,1,1,1,Womens E-Mail,0,0,0.0,1,False,True,False,False,0.01557938644917755,1,low,5.0,1.0,0.01557938644917755
48,1,"7) $1,000 +",1424.81,1,1,1,No E-Mail,0,0,0.0,0,False,True,False,False,0.015576550376180418,1,low,5.0,1.0,0.015576550376180418
49,1,"7) $1,000 +",3040.2,0,1,1,Womens E-Mail,0,0,0.0,1,False,True,False,True,0.015521624225193795,1,low,5.0,1.0,0.015521624225193795
50,1,"7) $1,000 +",1515.82,1,1,1,Womens E-Mail,1,1,499.0,1,True,False,False,False,0.01551249557591142,1,low,5.0,1.0,0.01551249557591142
51,4,"7) $1,000 +",1425.53,1,1,1,Mens E-Mail,0,0,0.0,1,True,False,False,False,0.015501591314394996,1,low,5.0,1.0,0.015501591314394996
52,2,"7) $1,000 +",1367.77,1,1,1,No E-Mail,1,0,0.0,0,False,True,False,False,0.015491624920086943,1,low,5.0,1.0,0.015491624920086943
53,3,"7) $1,000 +",1694.68,1,1,1,No E-Mail,1,1,86.78,0,False,False,False,False,0.015491055132323977,1,low,5.0,1.0,0.015491055132323977
54,12,"7) $1,000 +",1071.42,1,1,1,Mens E-Mail,0,0,0.0,1,False,True,False,False,0.01546920632177343,1,low,5.0,1.0,0.01546920632177343
55,1,"7) $1,000 +",1500.19,1,1,1,Womens E-Mail,0,0,0.0,1,True,False,False,False,0.01546533831958677,1,low,5.0,1.0,0.01546533831958677
56,3,"7) $1,000 +",1328.17,1,1,1,No E-Mail,1,0,0.0,0,False,True,False,False,0.01545931766938706,1,low,5.0,1.0,0.01545931766938706
57,4,"7) $1,000 +",1290.15,1,1,1,Womens E-Mail,0,0,0.0,1,False,True,False,False,0.015431777435001508,1,low,5.0,1.0,0.015431777435001508
58,4,"7) $1,000 +",1288.83,1,1,1,Mens E-Mail,0,0,0.0,1,False,True,False,False,0.015427794864409788,1,low,5.0,1.0,0.015427794864409788
59,4,"7) $1,000 +",1286.17,1,1,1,Mens E-Mail,0,0,0.0,1,False,True,False,False,0.015419769381247693,1,low,5.0,1.0,0.015419769381247693
60,2,"7) $1,000 +",1914.85,1,1,1,Womens E-Mail,0,0,0.0,1,False,True,False,True,0.015411848582466341,1,low,5.0,1.0,0.015411848582466341
61,2,"7) $1,000 +",1451.17,1,1,1,No E-Mail,0,0,0.0,0,True,False,False,False,0.01540460999693691,1,low,5.0,1.0,0.01540460999693691
62,1,"7) $1,000 +",1716.01,1,1,1,No E-Mail,0,0,0.0,0,False,False,False,False,0.015381070118464148,1,low,5.0,1.0,0.015381070118464148
63,2,"7) $1,000 +",1330.49,1,1,1,No E-Mail,0,0,0.0,0,False,True,False,False,0.015379147471860269,1,low,5.0,1.0,0.015379147471860269
64,6,"7) $1,000 +",1322.18,1,1,1,Womens E-Mail,0,0,0.0,1,True,False,False,False,0.015364113873760412,1,low,5.0,1.0,0.015364113873760412
65,1,"7) $1,000 +",1466.51,1,1,1,No E-Mail,0,0,0.0,0,True,False,False,False,0.015363722427519327,1,low,5.0,1.0,0.015363722427519327
66,4,"7) $1,000 +",1378.95,1,1,1,No E-Mail,0,0,0.0,0,True,False,False,False,0.015361054846090317,1,low,5.0,1.0,0.015361054846090317
67,11,"7) $1,000 +",1174.73,1,1,1,Mens E-Mail,1,0,0.0,1,True,False,False,False,0.015355091971330165,1,low,5.0,1.0,0.015355091971330165
68,4,"7) $1,000 +",1834.13,1,1,1,No E-Mail,1,0,0.0,0,False,True,False,True,0.015342648090688239,1,low,5.0,1.0,0.015342648090688239
69,2,"7) $1,000 +",2002.47,1,1,1,Womens E-Mail,0,0,0.0,1,True,False,False,True,0.015337565816814069,1,low,5.0,1.0,0.015337565816814069
70,1,"7) $1,000 +",1344.78,1,1,1,Womens E-Mail,0,0,0.0,1,False,True,False,False,0.01533509194856291,1,low,5.0,1.0,0.01533509194856291
71,2,"7) $1,000 +",1426.46,1,1,1,Mens E-Mail,1,0,0.0,1,True,False,False,False,0.015330057482299542,1,low,5.0,1.0,0.015330057482299542
72,6,"7) $1,000 +",1299.52,1,1,1,No E-Mail,0,0,0.0,0,True,False,False,False,0.015295746411935937,1,low,5.0,1.0,0.015295746411935937
73,10,"7) $1,000 +",1065.03,1,1,1,Mens E-Mail,1,0,0.0,1,False,True,False,False,0.015275587325487543,1,low,5.0,1.0,0.015275587325487543
74,4,"7) $1,000 +",1345.49,1,1,1,No E-Mail,0,0,0.0,0,True,False,False,False,0.015260102715788159,1,low,5.0,1.0,0.015260102715788159
75,2,"7) $1,000 +",1403.07,1,1,1,Womens E-Mail,0,0,0.0,1,True,False,False,False,0.01525948753825389,1,low,5.0,1.0,0.01525948753825389
76,2,"7) $1,000 +",1640.42,1,1,1,Mens E-Mail,0,0,0.0,1,False,False,False,False,0.015240177477161318,1,low,5.0,1.0,0.015240177477161318
77,1,"7) $1,000 +",1424.3,1,1,1,Mens E-Mail,0,0,0.0,1,True,False,False,False,0.015236370681552376,1,low,5.0,1.0,0.015236370681552376
78,1,"7) $1,000 +",1309.92,1,1,1,No E-Mail,0,0,0.0,0,False,True,False,False,0.015229915879754384,1,low,5.0,1.0,0.015229915879754384
79,12,"6) $750 - $1,000",991.76,1,1,1,Mens E-Mail,1,0,0.0,1,False,True,False,False,0.015228864220761175,1,low,5.0,1.0,0.015228864220761175
80,1,"7) $1,000 +",1309.03,1,1,1,Mens E-Mail,0,0,0.0,1,False,True,False,False,0.015227230661703908,1,low,5.0,1.0,0.015227230661703908
81,3,"7) $1,000 +",1247.75,1,1,1,No E-Mail,0,0,0.0,0,False,True,False,False,0.015216682573185637,1,low,5.0,1.0,0.015216682573185637
82,10,"7) $1,000 +",1730.73,1,1,1,Womens E-Mail,0,0,0.0,1,True,False,False,True,0.015215058289141357,1,low,5.0,1.0,0.015215058289141357
83,1,"7) $1,000 +",1416.06,1,1,1,No E-Mail,0,0,0.0,0,True,False,False,False,0.015211509786343476,1,low,5.0,1.0,0.015211509786343476
84,1,"7) $1,000 +",1411.37,1,1,1,No E-Mail,0,0,0.0,0,True,False,False,False,0.01519735959234715,1,low,5.0,1.0,0.01519735959234715
85,10,"7) $1,000 +",1148.64,1,1,1,Womens E-Mail,0,0,0.0,1,True,False,False,False,0.015189205993113465,1,low,5.0,1.0,0.015189205993113465
86,4,"7) $1,000 +",1317.57,1,1,1,Mens E-Mail,1,1,29.99,1,True,False,False,False,0.015175865313575478,1,low,5.0,1.0,0.015175865313575478
87,4,"7) $1,000 +",1315.84,1,1,1,Womens E-Mail,1,0,0.0,1,True,False,False,False,0.015170645732421183,1,low,5.0,1.0,0.015170645732421183
88,2,"7) $1,000 +",1616.97,1,1,1,No E-Mail,0,0,0.0,0,False,False,False,False,0.015169426507179678,1,low,5.0,1.0,0.015169426507179678
89,1,"7) $1,000 +",1400.87,1,1,1,Mens E-Mail,1,1,47.98,1,True,False,False,False,0.0151656800535494,1,low,5.0,1.0,0.0151656800535494
90,1,"7) $1,000 +",1286.09,1,1,1,Mens E-Mail,1,0,0.0,1,False,True,False,False,0.015158018412178162,1,low,5.0,1.0,0.015158018412178162
91,1,"7) $1,000 +",1285.74,1,1,1,No E-Mail,1,0,0.0,0,False,True,False,False,0.01515696242755157,1,low,5.0,1.0,0.01515696242755157
92,2,"7) $1,000 +",1361.76,1,1,1,Womens E-Mail,0,0,0.0,1,True,False,False,False,0.015134851181326747,1,low,5.0,1.0,0.015134851181326747
93,1,"7) $1,000 +",1276.14,1,1,1,Mens E-Mail,0,0,0.0,1,False,True,False,False,0.015127998277793629,1,low,5.0,1.0,0.015127998277793629
94,1,"7) $1,000 +",1273.04,1,1,1,No E-Mail,1,0,0.0,0,False,True,False,False,0.015118645271100958,1,low,5.0,1.0,0.015118645271100958
95,2,"7) $1,000 +",1814.19,1,1,1,Womens E-Mail,1,0,0.0,1,False,True,False,True,0.015108147403858591,1,low,5.0,1.0,0.015108147403858591
96,2,"7) $1,000 +",1238.32,1,1,1,No E-Mail,0,0,0.0,0,False,True,False,False,0.015101061463194697,1,low,5.0,1.0,0.015101061463194697
97,3,"7) $1,000 +",1319.74,1,1,1,Womens E-Mail,0,0,0.0,1,True,False,False,False,0.015095242551208718,1,low,5.0,1.0,0.015095242551208718
98,10,"7) $1,000 +",1117.16,1,1,1,Mens E-Mail,1,0,0.0,1,True,False,False,False,0.015094227718698883,1,low,5.0,1.0,0.015094227718698883
99,1,"7) $1,000 +",1374.91,1,1,1,Mens E-Mail,0,0,0.0,1,True,False,False,False,0.015087356165245635,1,low,5.0,1.0,0.015087356165245635
100,9,"7) $1,000 +",1143.28,1,1,1,No E-Mail,1,0,0.0,0,True,False,False,False,0.01508586447578032,1,low,5.0,1.0,0.01508586447578032
101,1,"7) $1,000 +",1257.54,1,1,1,Womens E-Mail,0,0,0.0,1,False,True,False,False,0.015071880237637617,1,low,5.0,1.0,0.015071880237637617
102,5,"7) $1,000 +",1137.65,1,1,1,Mens E-Mail,0,0,0.0,1,False,True,False,False,0.015058839714752501,1,low,5.0,1.0,0.015058839714752501
103,8,"7) $1,000 +",1161.95,1,1,1,Womens E-Mail,0,0,0.0,1,True,False,False,False,0.015055023845810023,1,low,5.0,1.0,0.015055023845810023
104,7,"7) $1,000 +",2816.01,0,1,1,Womens E-Mail,0,0,0.0,1,True,False,False,True,0.01502959904351548,1,low,5.0,1.0,0.01502959904351548
105,1,"7) $1,000 +",1236.83,1,1,1,No E-Mail,0,0,0.0,0,False,True,False,False,0.015009396118732723,1,low,5.0,1.0,0.015009396118732723
106,1,"7) $1,000 +",1233.59,1,1,1,Womens E-Mail,0,0,0.0,1,False,True,False,False,0.014999620718189416,1,low,5.0,1.0,0.014999620718189416
107,1,"7) $1,000 +",1345.0,1,1,1,Womens E-Mail,0,0,0.0,1,True,False,False,False,0.014997114736156046,1,low,5.0,1.0,0.014997114736156046
108,2,"7) $1,000 +",1889.06,1,1,1,Mens E-Mail,0,0,0.0,1,True,False,False,True,0.014995396626809054,1,low,5.0,1.0,0.014995396626809054
109,7,"7) $1,000 +",1057.69,1,1,1,Womens E-Mail,0,0,0.0,1,False,True,False,False,0.014991932218163567,1,low,5.0,1.0,0.014991932218163567
110,2,"7) $1,000 +",1883.94,1,1,1,Womens E-Mail,0,0,0.0,1,True,False,False,True,0.014979949080271487,1,low,5.0,1.0,0.014979949080271487
111,3,"7) $1,000 +",1165.85,1,1,1,No E-Mail,1,0,0.0,0,False,True,False,False,0.014969582170563198,1,low,5.0,1.0,0.014969582170563198
112,1,"7) $1,000 +",1220.53,1,1,1,Womens E-Mail,0,0,0.0,1,False,True,False,False,0.014960217406122883,1,low,5.0,1.0,0.014960217406122883
113,5,"7) $1,000 +",1101.83,1,1,1,No E-Mail,0,0,0.0,0,False,True,False,False,0.014950767230968179,1,low,5.0,1.0,0.014950767230968179
114,10,"7) $1,000 +",1528.49,1,1,1,Womens E-Mail,1,0,0.0,1,False,True,False,True,0.014943521175079542,1,low,5.0,1.0,0.014943521175079542
115,1,"7) $1,000 +",1213.99,1,1,1,Womens E-Mail,1,0,0.0,1,False,True,False,False,0.014940485579100288,1,low,5.0,1.0,0.014940485579100288
116,2,"7) $1,000 +",1184.17,1,1,1,Mens E-Mail,0,0,0.0,1,False,True,False,False,0.01493768555596631,1,low,5.0,1.0,0.01493768555596631
117,4,"7) $1,000 +",1237.89,1,1,1,Mens E-Mail,1,0,0.0,1,True,False,False,False,0.014935462870584563,1,low,5.0,1.0,0.014935462870584563
118,12,"6) $750 - $1,000",893.17,1,1,1,No E-Mail,0,0,0.0,0,False,True,False,False,0.01493140843694498,1,low,5.0,1.0,0.01493140843694498
119,1,"7) $1,000 +",1208.43,1,1,1,Womens E-Mail,0,0,0.0,1,False,True,False,False,0.014923710509032146,1,low,5.0,1.0,0.014923710509032146
120,2,"7) $1,000 +",1533.26,1,1,1,No E-Mail,0,0,0.0,0,False,False,False,False,0.014916865155488294,1,low,5.0,1.0,0.014916865155488294
121,1,"7) $1,000 +",1311.69,1,1,1,Womens E-Mail,0,0,0.0,1,True,False,False,False,0.014896615170693857,1,low,5.0,1.0,0.014896615170693857
122,8,"6) $750 - $1,000",992.48,1,1,1,No E-Mail,0,0,0.0,0,False,True,False,False,0.01488235706378651,1,low,5.0,1.0,0.01488235706378651
123,6,"7) $1,000 +",1047.42,1,1,1,No E-Mail,0,0,0.0,0,False,True,False,False,0.014873776745068807,1,low,5.0,1.0,0.014873776745068807
124,2,"7) $1,000 +",1269.65,1,1,1,Mens E-Mail,0,0,0.0,1,True,False,False,False,0.014856946198597164,1,low,5.0,1.0,0.014856946198597164
125,1,"7) $1,000 +",1870.78,1,1,1,No E-Mail,0,0,0.0,0,True,False,False,True,0.014853074191260012,1,low,5.0,1.0,0.014853074191260012
126,1,"7) $1,000 +",1294.3,1,1,1,Mens E-Mail,0,0,0.0,1,True,False,False,False,0.014844147820246918,1,low,5.0,1.0,0.014844147820246918
127,2,"7) $1,000 +",1152.8,1,1,1,Mens E-Mail,0,0,0.0,1,False,True,False,False,0.014843039162434367,1,low,5.0,1.0,0.014843039162434367
128,1,"7) $1,000 +",1755.12,1,1,1,Womens E-Mail,1,0,0.0,1,False,True,False,True,0.014842757502827632,1,low,5.0,1.0,0.014842757502827632
129,8,"7) $1,000 +",1332.97,1,1,1,No E-Mail,0,0,0.0,0,False,False,False,False,0.014835589612483673,1,low,5.0,1.0,0.014835589612483673
130,3,"7) $1,000 +",1118.78,1,1,1,Mens E-Mail,0,0,0.0,1,False,True,False,False,0.01482756732378129,1,low,5.0,1.0,0.01482756732378129
131,11,"6) $750 - $1,000",886.93,1,1,1,Mens E-Mail,0,0,0.0,1,False,True,False,False,0.014825411872550692,1,low,5.0,1.0,0.014825411872550692
132,1,"7) $1,000 +",1173.17,1,1,1,Mens E-Mail,0,0,0.0,1,False,True,False,False,0.014817327600650375,1,low,5.0,1.0,0.014817327600650375
133,2,"7) $1,000 +",1252.08,1,1,1,Mens E-Mail,0,0,0.0,1,True,False,False,False,0.014803935770342265,1,low,5.0,1.0,0.014803935770342265
134,3,"7) $1,000 +",1222.34,1,1,1,Mens E-Mail,0,0,0.0,1,True,False,False,False,0.014801377115122936,1,low,5.0,1.0,0.014801377115122936
135,8,"6) $750 - $1,000",960.01,1,1,1,Womens E-Mail,1,0,0.0,1,False,True,False,False,0.014784391861428138,1,low,5.0,1.0,0.014784391861428138
136,5,"7) $1,000 +",1158.65,1,1,1,Womens E-Mail,1,0,0.0,1,True,False,False,False,0.014783557818175848,1,low,5.0,1.0,0.014783557818175848
137,4,"7) $1,000 +",1187.37,1,1,1,Mens E-Mail,0,0,0.0,1,True,False,False,False,0.014783039032483396,1,low,5.0,1.0,0.014783039032483396
138,9,"7) $1,000 +",1042.17,1,1,1,Womens E-Mail,0,0,0.0,1,True,False,False,False,0.014780805602652667,1,low,5.0,1.0,0.014780805602652667
139,9,"7) $1,000 +",1041.9,1,1,1,Womens E-Mail,1,0,0.0,1,True,False,False,False,0.014779990985940726,1,low,5.0,1.0,0.014779990985940726
140,3,"7) $1,000 +",1098.1,1,1,1,Mens E-Mail,1,0,0.0,1,False,True,False,False,0.014765173717844391,1,low,5.0,1.0,0.014765173717844391
141,4,"7) $1,000 +",1066.05,1,1,1,No E-Mail,0,0,0.0,0,False,True,False,False,0.014755645564089558,1,low,5.0,1.0,0.014755645564089558
142,2,"7) $1,000 +",1122.92,1,1,1,Mens E-Mail,1,0,0.0,1,False,True,False,False,0.014752888246312774,1,low,5.0,1.0,0.014752888246312774
143,9,"7) $1,000 +",1029.96,1,1,1,Mens E-Mail,0,0,0.0,1,True,False,False,False,0.014743966824679286,1,low,5.0,1.0,0.014743966824679286
144,1,"7) $1,000 +",1259.2,1,1,1,Mens E-Mail,0,0,0.0,1,True,False,False,False,0.014738247647694444,1,low,5.0,1.0,0.014738247647694444
145,3,"7) $1,000 +",1201.41,1,1,1,Womens E-Mail,1,0,0.0,1,True,False,False,False,0.014738229234452758,1,low,5.0,1.0,0.014738229234452758
146,4,"7) $1,000 +",1056.46,1,1,1,Womens E-Mail,0,0,0.0,1,False,True,False,False,0.014726711585320948,1,low,5.0,1.0,0.014726711585320948
147,1,"7) $1,000 +",1138.61,1,1,1,No E-Mail,0,0,0.0,0,False,True,False,False,0.014713056661521784,1,low,5.0,1.0,0.014713056661521784
148,1,"7) $1,000 +",1249.7,1,1,1,Mens E-Mail,0,0,0.0,1,True,False,False,False,0.014709585207829815,1,low,5.0,1.0,0.014709585207829815
149,11,"7) $1,000 +",1203.53,1,1,1,Womens E-Mail,0,0,0.0,1,False,False,False,False,0.014706565927735643,1,low,5.0,1.0,0.014706565927735643
150,3,"7) $1,000 +",1074.9,1,1,1,Womens E-Mail,0,0,0.0,1,False,True,False,False,0.014695177022596033,1,low,5.0,1.0,0.014695177022596033
151,2,"7) $1,000 +",1103.47,1,1,1,Mens E-Mail,0,0,0.0,1,False,True,False,False,0.014694205672063611,1,low,5.0,1.0,0.014694205672063611
152,1,"7) $1,000 +",1243.07,1,1,1,Mens E-Mail,0,0,0.0,1,True,False,False,False,0.014689581841903237,1,low,5.0,1.0,0.014689581841903237
153,3,"7) $1,000 +",1070.38,1,1,1,No E-Mail,0,0,0.0,0,False,True,False,False,0.014681539735418334,1,low,5.0,1.0,0.014681539735418334
154,2,"7) $1,000 +",2027.95,1,1,1,No E-Mail,0,0,0.0,0,False,False,False,True,0.014679023004761597,1,low,5.0,1.0,0.014679023004761597
155,9,"6) $750 - $1,000",894.15,1,1,1,No E-Mail,1,0,0.0,0,False,True,False,False,0.014672855592744553,1,low,5.0,1.0,0.014672855592744553
156,5,"7) $1,000 +",1009.71,1,1,1,Womens E-Mail,0,0,0.0,1,False,True,False,False,0.014672832077249266,1,low,5.0,1.0,0.014672832077249266
157,7,"7) $1,000 +",1063.23,1,1,1,Mens E-Mail,0,0,0.0,1,True,False,False,False,0.014670005972080897,1,low,5.0,1.0,0.014670005972080897
158,7,"7) $1,000 +",1061.08,1,1,1,No E-Mail,0,0,0.0,0,True,False,False,False,0.014663519209374691,1,low,5.0,1.0,0.014663519209374691
159,1,"7) $1,000 +",1121.22,1,1,1,Womens E-Mail,0,0,0.0,1,False,True,False,False,0.014660589311074845,1,low,5.0,1.0,0.014660589311074845
160,2,"7) $1,000 +",1090.48,1,1,1,No E-Mail,0,0,0.0,0,False,True,False,False,0.014655013556922399,1,low,5.0,1.0,0.014655013556922399
161,2,"7) $1,000 +",1202.37,1,1,1,Womens E-Mail,0,0,0.0,1,True,False,False,False,0.014653955782376923,1,low,5.0,1.0,0.014653955782376923
162,12,"6) $750 - $1,000",798.71,1,1,1,Mens E-Mail,0,0,0.0,1,False,True,False,False,0.014646413271722569,1,low,5.0,1.0,0.014646413271722569
163,1,"7) $1,000 +",1228.36,1,1,1,Mens E-Mail,0,0,0.0,1,True,False,False,False,0.014645200316597056,1,low,5.0,1.0,0.014645200316597056
164,1,"7) $1,000 +",2746.17,0,1,1,No E-Mail,0,0,0.0,0,False,True,False,True,0.014634506625888843,1,low,5.0,1.0,0.014634506625888843
165,10,"6) $750 - $1,000",850.75,1,1,1,Womens E-Mail,0,0,0.0,1,False,True,False,False,0.014629083366098822,1,low,5.0,1.0,0.014629083366098822
166,1,"7) $1,000 +",1104.59,1,1,1,Womens E-Mail,0,0,0.0,1,False,True,False,False,0.014610414955817077,1,low,5.0,1.0,0.014610414955817077
167,1,"7) $1,000 +",1216.0,1,1,1,Womens E-Mail,0,0,0.0,1,True,False,False,False,0.014607908973783707,1,low,5.0,1.0,0.014607908973783707
168,5,"6) $750 - $1,000",987.13,1,1,1,Womens E-Mail,0,0,0.0,1,False,True,False,False,0.01460470598333944,1,low,5.0,1.0,0.01460470598333944
169,1,"7) $1,000 +",1214.36,1,1,1,No E-Mail,0,0,0.0,0,True,False,False,False,0.014602960931533392,1,low,5.0,1.0,0.014602960931533392
170,4,"7) $1,000 +",1588.38,1,1,1,Mens E-Mail,0,0,0.0,1,False,True,False,True,0.014601196027874266,1,low,5.0,1.0,0.014601196027874266
171,2,"7) $1,000 +",1072.64,1,1,1,No E-Mail,0,0,0.0,0,False,True,False,False,0.014601188511955555,1,low,5.0,1.0,0.014601188511955555
172,6,"6) $750 - $1,000",956.9,1,1,1,Womens E-Mail,1,0,0.0,1,False,True,False,False,0.014600668949642882,1,low,5.0,1.0,0.014600668949642882
173,5,"6) $750 - $1,000",985.57,1,1,1,Mens E-Mail,0,0,0.0,1,False,True,False,False,0.014599999309003776,1,low,5.0,1.0,0.014599999309003776
174,4,"7) $1,000 +",1587.28,1,1,1,Mens E-Mail,0,0,0.0,1,False,True,False,True,0.014597877219047838,1,low,5.0,1.0,0.014597877219047838
175,1,"7) $1,000 +",1454.8,1,1,1,Womens E-Mail,1,0,0.0,1,False,False,False,False,0.014592973706144157,1,low,5.0,1.0,0.014592973706144157
176,12,"6) $750 - $1,000",890.77,1,1,1,Womens E-Mail,1,0,0.0,1,True,False,False,False,0.014585526425333348,1,low,5.0,1.0,0.014585526425333348
177,1,"7) $1,000 +",1092.29,1,1,1,Womens E-Mail,0,0,0.0,1,False,True,False,False,0.014573304638939716,1,low,5.0,1.0,0.014573304638939716
178,4,"7) $1,000 +",1360.04,1,1,1,No E-Mail,1,0,0.0,0,False,False,False,False,0.01456858301239669,1,low,5.0,1.0,0.01456858301239669
179,10,"6) $750 - $1,000",941.14,1,1,1,Mens E-Mail,0,0,0.0,1,True,False,False,False,0.01456315796449129,1,low,5.0,1.0,0.01456315796449129
180,12,"6) $750 - $1,000",882.78,1,1,1,Womens E-Mail,0,0,0.0,1,True,False,False,False,0.014561419804857726,1,low,5.0,1.0,0.014561419804857726
181,1,"7) $1,000 +",1661.71,1,1,1,Mens E-Mail,0,0,0.0,1,False,True,False,True,0.014560930291484996,1,low,5.0,1.0,0.014560930291484996
182,2,"7) $1,000 +",1632.75,1,1,1,Womens E-Mail,0,0,0.0,1,False,True,False,True,0.014560724973433498,1,low,5.0,1.0,0.014560724973433498
183,3,"7) $1,000 +",1027.01,1,1,1,Mens E-Mail,0,0,0.0,1,False,True,False,False,0.014550688154688969,1,low,5.0,1.0,0.014550688154688969
184,6,"7) $1,000 +",1868.8,1,1,1,No E-Mail,0,0,0.0,0,False,False,False,True,0.014547531177762231,1,low,5.0,1.0,0.014547531177762231
185,12,"6) $750 - $1,000",762.73,1,1,1,Womens E-Mail,1,0,0.0,1,False,True,False,False,0.01453785805210895,1,low,5.0,1.0,0.01453785805210895
186,2,"7) $1,000 +",1158.25,1,1,1,No E-Mail,0,0,0.0,0,True,False,False,False,0.014520841377447717,1,low,5.0,1.0,0.014520841377447717
187,5,"6) $750 - $1,000",958.92,1,1,1,Mens E-Mail,0,0,0.0,1,False,True,False,False,0.014519593622436155,1,low,5.0,1.0,0.014519593622436155
188,1,"7) $1,000 +",1073.74,1,1,1,No E-Mail,0,0,0.0,0,False,True,False,False,0.01451733745373036,1,low,5.0,1.0,0.01451733745373036
189,4,"6) $750 - $1,000",986.7,1,1,1,Mens E-Mail,0,0,0.0,1,False,True,False,False,0.014516238763746574,1,low,5.0,1.0,0.014516238763746574
190,1,"7) $1,000 +",1072.35,1,1,1,No E-Mail,0,0,0.0,0,False,True,False,False,0.014513143686213325,1,low,5.0,1.0,0.014513143686213325
191,1,"7) $1,000 +",1072.3,1,1,1,Mens E-Mail,0,0,0.0,1,False,True,False,False,0.014512992831266669,1,low,5.0,1.0,0.014512992831266669
192,1,"7) $1,000 +",1071.38,1,1,1,Mens E-Mail,0,0,0.0,1,False,True,False,False,0.014510217100248197,1,low,5.0,1.0,0.014510217100248197
193,5,"6) $750 - $1,000",954.34,1,1,1,Womens E-Mail,0,0,0.0,1,False,True,False,False,0.014505775309322472,1,low,5.0,1.0,0.014505775309322472
194,11,"6) $750 - $1,000",892.86,1,1,1,Womens E-Mail,1,0,0.0,1,True,False,False,False,0.014504662295051938,1,low,5.0,1.0,0.014504662295051938
195,3,"7) $1,000 +",1118.27,1,1,1,Womens E-Mail,0,0,0.0,1,True,False,False,False,0.014487387629153251,1,low,5.0,1.0,0.014487387629153251
196,8,"6) $750 - $1,000",861.14,1,1,1,Womens E-Mail,0,0,0.0,1,False,True,False,False,0.014486091289910671,1,low,5.0,1.0,0.014486091289910671
197,2,"7) $1,000 +",1146.39,1,1,1,Mens E-Mail,1,0,0.0,1,True,False,False,False,0.014485058584100928,1,low,5.0,1.0,0.014485058584100928
198,2,"7) $1,000 +",1139.32,1,1,1,Womens E-Mail,0,0,0.0,1,True,False,False,False,0.014463727694643776,1,low,5.0,1.0,0.014463727694643776
199,1,"7) $1,000 +",1168.05,1,1,1,No E-Mail,0,0,0.0,0,True,False,False,False,0.014463239079940656,1,low,5.0,1.0,0.014463239079940656
200,2,"7) $1,000 +",2659.89,0,1,1,Womens E-Mail,0,0,0.0,1,False,True,False,True,0.014461361196990971,1,low,5.0,1.0,0.014461361196990971
201,4,"7) $1,000 +",1080.58,1,1,1,No E-Mail,0,0,0.0,0,True,False,False,False,0.014460843037415627,1,low,5.0,1.0,0.014460843037415627
202,3,"7) $1,000 +",1570.59,1,1,1,Womens E-Mail,0,0,0.0,1,False,True,False,True,0.014460351970802452,1,low,5.0,1.0,0.014460351970802452
203,7,"6) $750 - $1,000",879.21,1,1,1,Womens E-Mail,0,0,0.0,1,False,True,False,False,0.014453440400580504,1,low,5.0,1.0,0.014453440400580504
204,2,"7) $1,000 +",1023.46,1,1,1,Womens E-Mail,0,0,0.0,1,False,True,False,False,0.014452807586424768,1,low,5.0,1.0,0.014452807586424768
205,9,"6) $750 - $1,000",820.22,1,1,1,No E-Mail,1,0,0.0,0,False,True,False,False,0.014449801468619072,1,low,5.0,1.0,0.014449801468619072
206,3,"6) $750 - $1,000",993.27,1,1,1,Womens E-Mail,1,0,0.0,1,False,True,False,False,0.014448891236685538,1,low,5.0,1.0,0.014448891236685538
207,11,"6) $750 - $1,000",759.7,1,1,1,No E-Mail,0,0,0.0,0,False,True,False,False,0.014441546375289972,1,low,5.0,1.0,0.014441546375289972
208,6,"6) $750 - $1,000",901.09,1,1,1,Womens E-Mail,0,0,0.0,1,False,True,False,False,0.014432284658185517,1,low,5.0,1.0,0.014432284658185517
209,2,"7) $1,000 +",2204.57,1,1,1,No E-Mail,0,0,0.0,0,False,True,True,False,0.014424375114372077,1,low,5.0,1.0,0.014424375114372077
210,8,"6) $750 - $1,000",839.79,1,1,1,No E-Mail,0,0,0.0,0,False,True,False,False,0.014421676227688585,1,low,5.0,1.0,0.014421676227688585
211,2,"7) $1,000 +",1012.64,1,1,1,Womens E-Mail,0,0,0.0,1,False,True,False,False,0.014420162575968423,1,low,5.0,1.0,0.014420162575968423
212,1,"7) $1,000 +",2344.22,1,1,1,Mens E-Mail,0,0,0.0,1,True,False,True,False,0.014419902139158353,1,low,5.0,1.0,0.014419902139158353
213,6,"7) $1,000 +",1008.2,1,1,1,No E-Mail,1,0,0.0,0,True,False,False,False,0.014416805150739736,1,low,5.0,1.0,0.014416805150739736
214,1,"7) $1,000 +",1726.14,1,1,1,Womens E-Mail,1,0,0.0,1,True,False,False,True,0.014416681001573697,1,low,5.0,1.0,0.014416681001573697
215,4,"6) $750 - $1,000",952.99,1,1,1,No E-Mail,0,0,0.0,0,False,True,False,False,0.014414532358711134,1,low,5.0,1.0,0.014414532358711134
216,3,"6) $750 - $1,000",981.46,1,1,1,No E-Mail,0,0,0.0,0,False,True,False,False,0.014413259298285401,1,low,5.0,1.0,0.014413259298285401
217,3,"7) $1,000 +",2809.79,1,0,1,Womens E-Mail,0,0,0.0,1,True,False,False,False,0.014412567926040806,1,low,5.0,1.0,0.014412567926040806
218,1,"7) $1,000 +",1149.71,1,1,1,Womens E-Mail,0,0,0.0,1,True,False,False,False,0.014407905485507255,1,low,5.0,1.0,0.014407905485507255
219,3,"6) $750 - $1,000",977.64,1,1,1,No E-Mail,0,0,0.0,0,False,True,False,False,0.014401733980360886,1,low,5.0,1.0,0.014401733980360886
220,1,"7) $1,000 +",1146.36,1,1,1,Womens E-Mail,1,0,0.0,1,True,False,False,False,0.014397798204081306,1,low,5.0,1.0,0.014397798204081306
221,5,"6) $750 - $1,000",918.32,1,1,1,Mens E-Mail,0,0,0.0,1,False,True,False,False,0.01439709940575153,1,low,5.0,1.0,0.01439709940575153
222,6,"7) $1,000 +",1001.59,1,1,1,Mens E-Mail,1,0,0.0,1,True,False,False,False,0.014396862126791818,1,low,5.0,1.0,0.014396862126791818
223,7,"6) $750 - $1,000",971.76,1,1,1,Womens E-Mail,0,0,0.0,1,True,False,False,False,0.01439403193266851,1,low,5.0,1.0,0.01439403193266851
224,5,"7) $1,000 +",1027.8,1,1,1,Mens E-Mail,0,0,0.0,1,True,False,False,False,0.014388770422777237,1,low,5.0,1.0,0.014388770422777237
225,7,"7) $1,000 +",1430.26,1,1,1,Womens E-Mail,0,0,0.0,1,False,True,False,True,0.014385641945724389,1,low,5.0,1.0,0.014385641945724389
226,2,"7) $1,000 +",1000.81,1,1,1,Womens E-Mail,0,0,0.0,1,False,True,False,False,0.014384470295589626,1,low,5.0,1.0,0.014384470295589626
227,1,"7) $1,000 +",1029.36,1,1,1,No E-Mail,1,0,0.0,0,False,True,False,False,0.01438343860307854,1,low,5.0,1.0,0.01438343860307854
228,9,"6) $750 - $1,000",910.07,1,1,1,Mens E-Mail,0,0,0.0,1,True,False,False,False,0.014382246833587659,1,low,5.0,1.0,0.014382246833587659
229,1,"7) $1,000 +",1028.23,1,1,1,Womens E-Mail,1,0,0.0,1,False,True,False,False,0.014380029281284117,1,low,5.0,1.0,0.014380029281284117
230,6,"6) $750 - $1,000",881.48,1,1,1,Womens E-Mail,0,0,0.0,1,False,True,False,False,0.014373119348107057,1,low,5.0,1.0,0.014373119348107057
231,2,"6) $750 - $1,000",993.41,1,1,1,Womens E-Mail,1,0,0.0,1,False,True,False,False,0.014362143763484544,1,low,5.0,1.0,0.014362143763484544
232,1,"7) $1,000 +",1594.34,1,1,1,Mens E-Mail,0,0,0.0,1,False,True,False,True,0.014357668336360773,1,low,5.0,1.0,0.014357668336360773
233,9,"6) $750 - $1,000",901.05,1,1,1,No E-Mail,0,0,0.0,0,True,False,False,False,0.014355032601210927,1,low,5.0,1.0,0.014355032601210927
234,2,"7) $1,000 +",1099.5,1,1,1,No E-Mail,0,0,0.0,0,True,False,False,False,0.014343586815126982,1,low,5.0,1.0,0.014343586815126982
235,2,"6) $750 - $1,000",985.22,1,1,1,Mens E-Mail,1,0,0.0,1,False,True,False,False,0.014337433723222302,1,low,5.0,1.0,0.014337433723222302
236,3,"7) $1,000 +",1310.4,1,1,1,Mens E-Mail,0,0,0.0,1,False,False,False,False,0.014331644354305041,1,low,5.0,1.0,0.014331644354305041
237,4,"6) $750 - $1,000",925.23,1,1,1,No E-Mail,1,0,0.0,0,False,True,False,False,0.014330777692327754,1,low,5.0,1.0,0.014330777692327754
238,1,"7) $1,000 +",1011.09,1,1,1,No E-Mail,0,0,0.0,0,False,True,False,False,0.01432831620557046,1,low,5.0,1.0,0.01432831620557046
239,3,"7) $1,000 +",1065.52,1,1,1,Womens E-Mail,1,0,0.0,1,True,False,False,False,0.014328235660431229,1,low,5.0,1.0,0.014328235660431229
240,5,"7) $1,000 +",1006.96,1,1,1,Mens E-Mail,0,0,0.0,1,True,False,False,False,0.01432589408101104,1,low,5.0,1.0,0.01432589408101104
241,3,"7) $1,000 +",1064.2,1,1,1,Mens E-Mail,0,0,0.0,1,True,False,False,False,0.014324253089839511,1,low,5.0,1.0,0.014324253089839511
242,11,5) $500 - $750,720.68,1,1,1,Mens E-Mail,1,0,0.0,1,False,True,False,False,0.014323819174919674,1,low,5.0,1.0,0.014323819174919674
243,2,"6) $750 - $1,000",978.6,1,1,1,No E-Mail,0,0,0.0,0,False,True,False,False,0.014317460528285055,1,low,5.0,1.0,0.014317460528285055
244,1,"7) $1,000 +",1006.25,1,1,1,Womens E-Mail,0,0,0.0,1,False,True,False,False,0.014313713446734162,1,low,5.0,1.0,0.014313713446734162
245,4,"6) $750 - $1,000",919.07,1,1,1,Womens E-Mail,1,0,0.0,1,False,True,False,False,0.01431219236289974,1,low,5.0,1.0,0.01431219236289974
246,6,"6) $750 - $1,000",860.66,1,1,1,Mens E-Mail,0,0,0.0,1,False,True,False,False,0.014310303348319519,1,low,5.0,1.0,0.014310303348319519
247,6,"6) $750 - $1,000",860.07,1,1,1,Mens E-Mail,0,0,0.0,1,False,True,False,False,0.014308523259948979,1,low,5.0,1.0,0.014308523259948979
248,1,"7) $1,000 +",1001.75,1,1,1,No E-Mail,0,0,0.0,0,False,True,False,False,0.014300136501535127,1,low,5.0,1.0,0.014300136501535127
249,3,"7) $1,000 +",1054.18,1,1,1,Mens E-Mail,1,0,0.0,1,True,False,False,False,0.01429402175852966,1,low,5.0,1.0,0.01429402175852966
250,1,"7) $1,000 +",1109.54,1,1,1,No E-Mail,0,0,0.0,0,True,False,False,False,0.014286708621363867,1,low,5.0,1.0,0.014286708621363867
251,10,5) $500 - $750,735.91,1,1,1,No E-Mail,0,0,0.0,0,False,True,False,False,0.014282599724619444,1,low,5.0,1.0,0.014282599724619444
252,2,"6) $750 - $1,000",966.6,1,1,1,Mens E-Mail,0,0,0.0,1,False,True,False,False,0.014281255341087627,1,low,5.0,1.0,0.014281255341087627
253,5,"6) $750 - $1,000",990.7,1,1,1,No E-Mail,0,0,0.0,0,True,False,False,False,0.014276836052358527,1,low,5.0,1.0,0.014276836052358527
254,3,"6) $750 - $1,000",935.05,1,1,1,No E-Mail,0,0,0.0,0,False,True,False,False,0.014273235736799353,1,low,5.0,1.0,0.014273235736799353
255,3,"7) $1,000 +",1047.25,1,1,1,Mens E-Mail,0,0,0.0,1,True,False,False,False,0.014273113262923146,1,low,5.0,1.0,0.014273113262923146
256,9,"6) $750 - $1,000",872.6,1,1,1,No E-Mail,0,0,0.0,0,True,False,False,False,0.014269196136563694,1,low,5.0,1.0,0.014269196136563694
257,2,"7) $1,000 +",1073.69,1,1,1,Womens E-Mail,0,0,0.0,1,True,False,False,False,0.014265715491663182,1,low,5.0,1.0,0.014265715491663182
258,4,"6) $750 - $1,000",901.44,1,1,1,Mens E-Mail,1,0,0.0,1,False,True,False,False,0.014259000908708856,1,low,5.0,1.0,0.014259000908708856
259,4,"6) $750 - $1,000",900.85,1,1,1,Womens E-Mail,0,0,0.0,1,False,True,False,False,0.014257220820338312,1,low,5.0,1.0,0.014257220820338312
260,1,"6) $750 - $1,000",985.89,1,1,1,Mens E-Mail,0,0,0.0,1,False,True,False,False,0.014252285312455863,1,low,5.0,1.0,0.014252285312455863
261,10,5) $500 - $750,725.33,1,1,1,No E-Mail,0,0,0.0,0,False,True,False,False,0.014250678817907047,1,low,5.0,1.0,0.014250678817907047
262,1,"6) $750 - $1,000",985.0,1,1,1,No E-Mail,0,0,0.0,0,False,True,False,False,0.014249600094405387,1,low,5.0,1.0,0.014249600094405387
263,7,"6) $750 - $1,000",923.48,1,1,1,Womens E-Mail,1,1,33.45,1,True,False,False,False,0.014248366396177528,1,low,5.0,1.0,0.014248366396177528
264,1,"6) $750 - $1,000",982.19,1,1,1,No E-Mail,0,0,0.0,0,False,True,False,False,0.014241122046403324,1,low,5.0,1.0,0.014241122046403324
265,3,"6) $750 - $1,000",922.47,1,1,1,Womens E-Mail,0,0,0.0,1,False,True,False,False,0.014235280632220716,1,low,5.0,1.0,0.014235280632220716
266,11,"6) $750 - $1,000",799.39,1,1,1,Mens E-Mail,0,0,0.0,1,True,False,False,False,0.014222654057773313,1,low,5.0,1.0,0.014222654057773313
267,1,"7) $1,000 +",1087.24,1,1,1,Mens E-Mail,1,0,0.0,1,True,False,False,False,0.014219427315155317,1,low,5.0,1.0,0.014219427315155317
268,2,"7) $1,000 +",1057.46,1,1,1,No E-Mail,0,0,0.0,0,True,False,False,False,0.014216747975978663,1,low,5.0,1.0,0.014216747975978663
269,10,5) $500 - $750,711.59,1,1,1,Womens E-Mail,0,0,0.0,1,False,True,False,False,0.014209223878565994,1,low,5.0,1.0,0.014209223878565994
270,4,"6) $750 - $1,000",884.15,1,1,1,Mens E-Mail,0,0,0.0,1,False,True,False,False,0.014206835268155228,1,low,5.0,1.0,0.014206835268155228
271,9,"6) $750 - $1,000",851.66,1,1,1,Womens E-Mail,0,0,0.0,1,True,False,False,False,0.014206018084904183,1,low,5.0,1.0,0.014206018084904183
272,2,"6) $750 - $1,000",940.8,1,1,1,Womens E-Mail,0,0,0.0,1,False,True,False,False,0.014203414188613157,1,low,5.0,1.0,0.014203414188613157
273,12,"7) $1,000 +",1003.38,1,1,1,Mens E-Mail,1,0,0.0,1,False,False,False,False,0.01418986344332352,1,low,5.0,1.0,0.01418986344332352
274,2,"6) $750 - $1,000",936.03,1,1,1,Womens E-Mail,0,0,0.0,1,False,True,False,False,0.014189022626702182,1,low,5.0,1.0,0.014189022626702182
275,9,"6) $750 - $1,000",844.96,1,1,1,Mens E-Mail,1,0,0.0,1,True,False,False,False,0.014185803522052287,1,low,5.0,1.0,0.014185803522052287
276,1,"7) $1,000 +",1073.12,1,1,1,Mens E-Mail,1,0,0.0,1,True,False,False,False,0.014176825878219676,1,low,5.0,1.0,0.014176825878219676
277,1,"7) $1,000 +",1072.94,1,1,1,No E-Mail,1,0,0.0,0,True,False,False,False,0.014176282800411716,1,low,5.0,1.0,0.014176282800411716
278,1,"7) $1,000 +",1072.86,1,1,1,Mens E-Mail,0,0,0.0,1,True,False,False,False,0.014176041432497065,1,low,5.0,1.0,0.014176041432497065
279,1,"7) $1,000 +",1072.84,1,1,1,Womens E-Mail,0,0,0.0,1,True,False,False,False,0.014175981090518402,1,low,5.0,1.0,0.014175981090518402
280,1,"7) $1,000 +",1534.12,1,1,1,No E-Mail,0,0,0.0,0,False,True,False,True,0.014175978638608353,1,low,5.0,1.0,0.014175978638608353
281,2,"7) $1,000 +",1286.73,1,1,1,Womens E-Mail,1,0,0.0,1,False,False,False,False,0.014173059755506489,1,low,5.0,1.0,0.014173059755506489
282,5,"6) $750 - $1,000",952.06,1,1,1,Womens E-Mail,0,0,0.0,1,True,False,False,False,0.01416025534958281,1,low,5.0,1.0,0.01416025534958281
283,1,"7) $1,000 +",2126.23,0,1,1,No E-Mail,0,0,0.0,0,True,False,False,False,0.014155816161070247,1,low,5.0,1.0,0.014155816161070247
284,1,"7) $1,000 +",1064.96,1,1,1,No E-Mail,0,0,0.0,0,True,False,False,False,0.014152206350925426,1,low,5.0,1.0,0.014152206350925426
285,3,"6) $750 - $1,000",894.24,1,1,1,No E-Mail,0,0,0.0,0,False,True,False,False,0.014150107929338771,1,low,5.0,1.0,0.014150107929338771
286,2,"7) $1,000 +",1607.49,1,1,1,Womens E-Mail,0,0,0.0,1,True,False,False,True,0.014145872080210762,1,low,5.0,1.0,0.014145872080210762
287,4,"6) $750 - $1,000",863.52,1,1,1,No E-Mail,0,0,0.0,0,False,True,False,False,0.014144592517164985,1,low,5.0,1.0,0.014144592517164985
288,9,5) $500 - $750,717.66,1,1,1,No E-Mail,0,0,0.0,0,False,True,False,False,0.014140367802038398,1,low,5.0,1.0,0.014140367802038398
289,2,"7) $1,000 +",1031.56,1,1,1,No E-Mail,0,0,0.0,0,True,False,False,False,0.014138605113610881,1,low,5.0,1.0,0.014138605113610881
290,7,"6) $750 - $1,000",774.05,1,1,1,No E-Mail,0,0,0.0,0,False,True,False,False,0.01413616227677372,1,low,5.0,1.0,0.01413616227677372
291,5,"6) $750 - $1,000",943.74,1,1,1,Womens E-Mail,1,0,0.0,1,True,False,False,False,0.014135153086459263,1,low,5.0,1.0,0.014135153086459263
292,1,"6) $750 - $1,000",945.73,1,1,1,Mens E-Mail,0,0,0.0,1,False,True,False,False,0.014131118619301806,1,low,5.0,1.0,0.014131118619301806
293,10,5) $500 - $750,685.48,1,1,1,No E-Mail,0,0,0.0,0,False,True,False,False,0.01413044742542226,1,low,5.0,1.0,0.01413044742542226
294,3,"6) $750 - $1,000",999.75,1,1,1,No E-Mail,0,0,0.0,0,True,False,False,False,0.014129801063599998,1,low,5.0,1.0,0.014129801063599998
295,10,5) $500 - $750,684.57,1,1,1,Womens E-Mail,0,0,0.0,1,False,True,False,False,0.014127701865393121,1,low,5.0,1.0,0.014127701865393121
296,4,"7) $1,000 +",2047.64,1,1,1,Womens E-Mail,0,0,0.0,1,False,True,True,False,0.014125241512900979,1,low,5.0,1.0,0.014125241512900979
297,6,"6) $750 - $1,000",910.27,1,1,1,No E-Mail,0,0,0.0,0,True,False,False,False,0.0141213406522194,1,low,5.0,1.0,0.0141213406522194
298,7,"6) $750 - $1,000",769.0,1,1,1,Mens E-Mail,0,0,0.0,1,False,True,False,False,0.014120925927161469,1,low,5.0,1.0,0.014120925927161469
299,4,"6) $750 - $1,000",966.12,1,1,1,No E-Mail,0,0,0.0,0,True,False,False,False,0.014115505893530837,1,low,5.0,1.0,0.014115505893530837
300,8,5) $500 - $750,737.8,1,1,1,Womens E-Mail,0,0,0.0,1,False,True,False,False,0.014113962307499787,1,low,5.0,1.0,0.014113962307499787
301,8,"6) $750 - $1,000",849.3,1,1,1,Womens E-Mail,1,0,0.0,1,True,False,False,False,0.014111727864370396,1,low,5.0,1.0,0.014111727864370396
302,5,"6) $750 - $1,000",822.91,1,1,1,Womens E-Mail,0,0,0.0,1,False,True,False,False,0.014109237996542654,1,low,5.0,1.0,0.014109237996542654
303,5,"6) $750 - $1,000",822.87,1,1,1,No E-Mail,0,0,0.0,0,False,True,False,False,0.01410911731258533,1,low,5.0,1.0,0.01410911731258533
304,3,"6) $750 - $1,000",880.15,1,1,1,Mens E-Mail,1,1,110.36,1,False,True,False,False,0.014107597005371123,1,low,5.0,1.0,0.014107597005371123
305,2,"7) $1,000 +",2081.2,0,1,1,Mens E-Mail,0,0,0.0,1,True,False,False,False,0.01410712606316353,1,low,5.0,1.0,0.01410712606316353
306,1,"7) $1,000 +",1049.71,1,1,1,Womens E-Mail,1,0,0.0,1,True,False,False,False,0.014106195592195362,1,low,5.0,1.0,0.014106195592195362
307,1,"7) $1,000 +",1865.51,1,1,1,No E-Mail,0,0,0.0,0,False,False,False,True,0.014101755587014132,1,low,5.0,1.0,0.014101755587014132
308,2,"6) $750 - $1,000",905.83,1,1,1,Womens E-Mail,0,0,0.0,1,False,True,False,False,0.01409790623892199,1,low,5.0,1.0,0.01409790623892199
309,1,"6) $750 - $1,000",934.62,1,1,1,Womens E-Mail,1,0,0.0,1,False,True,False,False,0.014097598650154856,1,low,5.0,1.0,0.014097598650154856
310,2,"7) $1,000 +",1016.97,1,1,1,Mens E-Mail,1,0,0.0,1,True,False,False,False,0.014094585640176677,1,low,5.0,1.0,0.014094585640176677
311,6,"6) $750 - $1,000",898.09,1,1,1,Mens E-Mail,0,0,0.0,1,True,False,False,False,0.014084592387214013,1,low,5.0,1.0,0.014084592387214013
312,10,5) $500 - $750,670.13,1,1,1,Womens E-Mail,0,0,0.0,1,False,True,False,False,0.014084134956798885,1,low,5.0,1.0,0.014084134956798885
313,2,"7) $1,000 +",1013.3,1,1,1,No E-Mail,1,0,0.0,0,True,False,False,False,0.01408351288709213,1,low,5.0,1.0,0.01408351288709213
314,2,"7) $1,000 +",1012.62,1,1,1,Mens E-Mail,1,0,0.0,1,True,False,False,False,0.01408146125981761,1,low,5.0,1.0,0.01408146125981761
315,3,"6) $750 - $1,000",871.28,1,1,1,No E-Mail,0,0,0.0,0,False,True,False,False,0.014080835337834361,1,low,5.0,1.0,0.014080835337834361
316,1,"7) $1,000 +",1041.21,1,1,1,Mens E-Mail,0,0,0.0,1,True,False,False,False,0.014080550251263852,1,low,5.0,1.0,0.014080550251263852
317,4,"6) $750 - $1,000",953.57,1,1,1,No E-Mail,0,0,0.0,0,True,False,False,False,0.014077641301920194,1,low,5.0,1.0,0.014077641301920194
318,2,"7) $1,000 +",1011.05,1,1,1,Mens E-Mail,1,0,0.0,1,True,False,False,False,0.014076724414492613,1,low,5.0,1.0,0.014076724414492613
319,1,"6) $750 - $1,000",926.66,1,1,1,Womens E-Mail,1,0,0.0,1,False,True,False,False,0.01407358254264723,1,low,5.0,1.0,0.01407358254264723
320,1,"7) $1,000 +",1037.99,1,1,1,No E-Mail,0,0,0.0,0,True,False,False,False,0.01407083519269921,1,low,5.0,1.0,0.01407083519269921
321,6,"6) $750 - $1,000",780.47,1,1,1,Womens E-Mail,0,0,0.0,1,False,True,False,False,0.014068362184872715,1,low,5.0,1.0,0.014068362184872715
322,9,5) $500 - $750,693.47,1,1,1,Womens E-Mail,0,0,0.0,1,False,True,False,False,0.014067384178846253,1,low,5.0,1.0,0.014067384178846253
323,2,"6) $750 - $1,000",895.0,1,1,1,Mens E-Mail,0,0,0.0,1,False,True,False,False,0.014065231057476313,1,low,5.0,1.0,0.014065231057476313
324,6,"6) $750 - $1,000",779.35,1,1,1,Womens E-Mail,0,0,0.0,1,False,True,False,False,0.01406498303406762,1,low,5.0,1.0,0.01406498303406762
325,11,5) $500 - $750,634.7,1,1,1,No E-Mail,0,0,0.0,0,False,True,False,False,0.014064409008650108,1,low,5.0,1.0,0.014064409008650108
326,9,5) $500 - $750,692.25,1,1,1,No E-Mail,0,0,0.0,0,False,True,False,False,0.014063703318147845,1,low,5.0,1.0,0.014063703318147845
327,12,5) $500 - $750,717.0,1,1,1,No E-Mail,0,0,0.0,0,True,False,False,False,0.014061245143725273,1,low,5.0,1.0,0.014061245143725273
328,11,5) $500 - $750,630.97,1,1,1,Mens E-Mail,0,0,0.0,1,False,True,False,False,0.014053155229629574,1,low,5.0,1.0,0.014053155229629574
329,10,"6) $750 - $1,000",770.9,1,1,1,Mens E-Mail,0,0,0.0,1,True,False,False,False,0.014049527042117127,1,low,5.0,1.0,0.014049527042117127
330,4,"6) $750 - $1,000",942.83,1,1,1,Womens E-Mail,0,0,0.0,1,True,False,False,False,0.014045237659378497,1,low,5.0,1.0,0.014045237659378497
331,7,5) $500 - $750,742.24,1,1,1,Mens E-Mail,0,0,0.0,1,False,True,False,False,0.014040188359711207,1,low,5.0,1.0,0.014040188359711207
332,5,"6) $750 - $1,000",799.62,1,1,1,No E-Mail,0,0,0.0,0,False,True,False,False,0.014038969762390312,1,low,5.0,1.0,0.014038969762390312
333,4,"6) $750 - $1,000",828.07,1,1,1,Womens E-Mail,0,0,0.0,1,False,True,False,False,0.014037636359985919,1,low,5.0,1.0,0.014037636359985919
334,10,5) $500 - $750,653.52,1,1,1,Womens E-Mail,0,0,0.0,1,False,True,False,False,0.014034020943519777,1,low,5.0,1.0,0.014034020943519777
335,3,"6) $750 - $1,000",854.8,1,1,1,No E-Mail,1,0,0.0,0,False,True,False,False,0.014031113547416561,1,low,5.0,1.0,0.014031113547416561
336,2,"7) $1,000 +",1239.58,1,1,1,No E-Mail,0,0,0.0,0,False,False,False,False,0.014030803540809931,1,low,5.0,1.0,0.014030803540809931
337,10,5) $500 - $750,652.24,1,1,1,No E-Mail,0,0,0.0,0,False,True,False,False,0.014030159056885386,1,low,5.0,1.0,0.014030159056885386
338,2,"6) $750 - $1,000",881.42,1,1,1,Womens E-Mail,0,0,0.0,1,False,True,False,False,0.014024258853964557,1,low,5.0,1.0,0.014024258853964557
339,2,"6) $750 - $1,000",880.88,1,1,1,Mens E-Mail,1,0,0.0,1,False,True,False,False,0.014022629620540673,1,low,5.0,1.0,0.014022629620540673
340,9,5) $500 - $750,678.45,1,1,1,No E-Mail,0,0,0.0,0,False,True,False,False,0.014022067352870805,1,low,5.0,1.0,0.014022067352870805
341,2,"6) $750 - $1,000",880.61,1,1,1,Mens E-Mail,1,0,0.0,1,False,True,False,False,0.014021815003828732,1,low,5.0,1.0,0.014021815003828732
342,2,"6) $750 - $1,000",880.5,1,1,1,Mens E-Mail,0,0,0.0,1,False,True,False,False,0.014021483122946089,1,low,5.0,1.0,0.014021483122946089
343,4,"6) $750 - $1,000",822.63,1,1,1,No E-Mail,0,0,0.0,0,False,True,False,False,0.014021223341789752,1,low,5.0,1.0,0.014021223341789752
344,2,"6) $750 - $1,000",879.73,1,1,1,No E-Mail,0,0,0.0,0,False,True,False,False,0.014019159956767589,1,low,5.0,1.0,0.014019159956767589
345,2,"6) $750 - $1,000",879.19,1,1,1,Womens E-Mail,0,0,0.0,1,False,True,False,False,0.014017530723343701,1,low,5.0,1.0,0.014017530723343701
346,6,"7) $1,000 +",1119.53,1,1,1,Womens E-Mail,0,0,0.0,1,False,False,False,False,0.014017280282095517,1,low,5.0,1.0,0.014017280282095517
347,11,5) $500 - $750,731.27,1,1,1,Womens E-Mail,0,0,0.0,1,True,False,False,False,0.014017129278449253,1,low,5.0,1.0,0.014017129278449253
348,2,"6) $750 - $1,000",878.82,1,1,1,No E-Mail,1,1,36.89,0,False,True,False,False,0.014016414396738449,1,low,5.0,1.0,0.014016414396738449
349,2,"7) $1,000 +",2181.34,1,1,1,Mens E-Mail,0,0,0.0,1,True,False,True,False,0.014015646931983573,1,low,5.0,1.0,0.014015646931983573
350,1,"6) $750 - $1,000",907.35,1,1,1,No E-Mail,0,0,0.0,0,False,True,False,False,0.014015322362248703,1,low,5.0,1.0,0.014015322362248703
351,10,5) $500 - $750,647.26,1,1,1,Womens E-Mail,0,0,0.0,1,False,True,False,False,0.014015133904198455,1,low,5.0,1.0,0.014015133904198455
352,9,"6) $750 - $1,000",788.36,1,1,1,Womens E-Mail,1,0,0.0,1,True,False,False,False,0.014015035722437756,1,low,5.0,1.0,0.014015035722437756
353,5,"6) $750 - $1,000",903.6,1,1,1,No E-Mail,0,0,0.0,0,True,False,False,False,0.014014046735283869,1,low,5.0,1.0,0.014014046735283869
354,7,"7) $1,000 +",1306.86,1,1,1,Womens E-Mail,1,0,0.0,1,False,True,False,True,0.014013331937377513,1,low,5.0,1.0,0.014013331937377513
355,2,"6) $750 - $1,000",989.93,1,1,1,Womens E-Mail,0,0,0.0,1,True,False,False,False,0.014013003285025142,1,low,5.0,1.0,0.014013003285025142
356,5,"6) $750 - $1,000",902.45,1,1,1,No E-Mail,0,0,0.0,0,True,False,False,False,0.014010577071510781,1,low,5.0,1.0,0.014010577071510781
357,2,"6) $750 - $1,000",988.76,1,1,1,No E-Mail,1,0,0.0,0,True,False,False,False,0.014009473279273392,1,low,5.0,1.0,0.014009473279273392
358,12,5) $500 - $750,699.65,1,1,1,No E-Mail,0,0,0.0,0,True,False,False,False,0.014008898477235661,1,low,5.0,1.0,0.014008898477235661
359,10,5) $500 - $750,644.93,1,1,1,Mens E-Mail,0,0,0.0,1,False,True,False,False,0.014008104063684287,1,low,5.0,1.0,0.014008104063684287
360,3,"6) $750 - $1,000",958.98,1,1,1,Womens E-Mail,1,0,0.0,1,True,False,False,False,0.014006793940096738,1,low,5.0,1.0,0.014006793940096738
361,1,"7) $1,000 +",1016.49,1,1,1,Mens E-Mail,0,0,0.0,1,True,False,False,False,0.014005967565637153,1,low,5.0,1.0,0.014005967565637153
362,6,"6) $750 - $1,000",871.77,1,1,1,Mens E-Mail,0,0,0.0,1,True,False,False,False,0.014005182343294321,1,low,5.0,1.0,0.014005182343294321
363,6,"6) $750 - $1,000",759.06,1,1,1,Womens E-Mail,0,0,0.0,1,False,True,False,False,0.014003766096714637,1,low,5.0,1.0,0.014003766096714637
364,2,"6) $750 - $1,000",986.42,1,1,1,No E-Mail,0,0,0.0,0,True,False,False,False,0.014002413267769895,1,low,5.0,1.0,0.014002413267769895
365,6,"7) $1,000 +",1114.58,1,1,1,No E-Mail,0,0,0.0,0,False,False,False,False,0.014002345642376578,1,low,5.0,1.0,0.014002345642376578
366,1,"7) $1,000 +",1015.08,1,1,1,Womens E-Mail,0,0,0.0,1,True,False,False,False,0.014001713456141455,1,low,5.0,1.0,0.014001713456141455
367,1,"7) $1,000 +",1013.36,1,1,1,Womens E-Mail,0,0,0.0,1,True,False,False,False,0.01399652404597649,1,low,5.0,1.0,0.01399652404597649
368,10,"6) $750 - $1,000",751.46,1,1,1,No E-Mail,0,0,0.0,0,True,False,False,False,0.013990874638857296,1,low,5.0,1.0,0.013990874638857296
369,1,"7) $1,000 +",1011.42,1,1,1,No E-Mail,1,0,0.0,0,True,False,False,False,0.01399067087404624,1,low,5.0,1.0,0.01399067087404624
370,1,"6) $750 - $1,000",898.42,1,1,1,No E-Mail,0,0,0.0,0,False,True,False,False,0.01398837966877595,1,low,5.0,1.0,0.01398837966877595
371,6,"6) $750 - $1,000",865.36,1,1,1,Womens E-Mail,0,0,0.0,1,True,False,False,False,0.01398584273913303,1,low,5.0,1.0,0.01398584273913303
372,1,"7) $1,000 +",1009.75,1,1,1,Womens E-Mail,1,0,0.0,1,True,False,False,False,0.01398563231882793,1,low,5.0,1.0,0.01398563231882793
373,3,"6) $750 - $1,000",839.48,1,1,1,Mens E-Mail,0,0,0.0,1,False,True,False,False,0.013984891591761178,1,low,5.0,1.0,0.013984891591761178
374,1,"7) $1,000 +",1252.94,1,1,1,No E-Mail,0,0,0.0,0,False,False,False,False,0.013983942115504773,1,low,5.0,1.0,0.013983942115504773
375,3,"6) $750 - $1,000",839.09,1,1,1,No E-Mail,0,0,0.0,0,False,True,False,False,0.013983714923177262,1,low,5.0,1.0,0.013983714923177262
376,10,5) $500 - $750,748.97,1,1,1,Womens E-Mail,1,0,0.0,1,True,False,False,False,0.01398336206251383,1,low,5.0,1.0,0.01398336206251383
377,1,"7) $1,000 +",1955.88,0,1,1,Mens E-Mail,0,0,0.0,1,False,True,False,False,0.013980494331985591,1,low,5.0,1.0,0.013980494331985591
378,6,"6) $750 - $1,000",750.76,1,1,1,No E-Mail,0,0,0.0,0,False,True,False,False,0.013978724175569751,1,low,5.0,1.0,0.013978724175569751
379,8,"6) $750 - $1,000",803.59,1,1,1,No E-Mail,1,0,0.0,0,True,False,False,False,0.01397381627213753,1,low,5.0,1.0,0.01397381627213753
380,10,5) $500 - $750,744.08,1,1,1,No E-Mail,0,0,0.0,0,True,False,False,False,0.013968608448730878,1,low,5.0,1.0,0.013968608448730878
381,8,5) $500 - $750,689.42,1,1,1,No E-Mail,0,0,0.0,0,False,True,False,False,0.013967995061115492,1,low,5.0,1.0,0.013967995061115492
382,9,5) $500 - $750,659.84,1,1,1,No E-Mail,0,0,0.0,0,False,True,False,False,0.013965919141725461,1,low,5.0,1.0,0.013965919141725461
383,6,"7) $1,000 +",1319.23,1,1,1,Mens E-Mail,0,0,0.0,1,False,True,False,True,0.013963483584128567,1,low,5.0,1.0,0.013963483584128567
384,10,5) $500 - $750,628.47,1,1,1,Womens E-Mail,0,0,0.0,1,False,True,False,False,0.013958442615245151,1,low,5.0,1.0,0.013958442615245151
385,1,"6) $750 - $1,000",887.52,1,1,1,No E-Mail,0,0,0.0,0,False,True,False,False,0.013955493290404956,1,low,5.0,1.0,0.013955493290404956
386,9,"6) $750 - $1,000",768.06,1,1,1,Mens E-Mail,0,0,0.0,1,True,False,False,False,0.013953788614095441,1,low,5.0,1.0,0.013953788614095441
387,5,"6) $750 - $1,000",883.02,1,1,1,Womens E-Mail,0,0,0.0,1,True,False,False,False,0.013951954839240282,1,low,5.0,1.0,0.013951954839240282
388,5,"6) $750 - $1,000",882.81,1,1,1,Womens E-Mail,0,0,0.0,1,True,False,False,False,0.013951321248464326,1,low,5.0,1.0,0.013951321248464326
389,6,"6) $750 - $1,000",853.43,1,1,1,Womens E-Mail,0,0,0.0,1,True,False,False,False,0.01394984874886092,1,low,5.0,1.0,0.01394984874886092
390,1,"6) $750 - $1,000",997.61,1,1,1,Womens E-Mail,0,0,0.0,1,True,False,False,False,0.013949004737779868,1,low,5.0,1.0,0.013949004737779868
391,1,"7) $1,000 +",1570.47,1,1,1,Womens E-Mail,0,0,0.0,1,True,False,False,True,0.013947009210655073,1,low,5.0,1.0,0.013947009210655073
392,10,5) $500 - $750,624.61,1,1,1,Womens E-Mail,0,0,0.0,1,False,True,False,False,0.013946796613363312,1,low,5.0,1.0,0.013946796613363312
393,1,"6) $750 - $1,000",995.55,1,1,1,No E-Mail,0,0,0.0,0,True,False,False,False,0.013942789513977642,1,low,5.0,1.0,0.013942789513977642
394,1,"7) $1,000 +",1455.55,1,1,1,Womens E-Mail,0,0,0.0,1,False,True,False,True,0.013938925175433197,1,low,5.0,1.0,0.013938925175433197
395,10,5) $500 - $750,621.38,1,1,1,Mens E-Mail,0,0,0.0,1,False,True,False,False,0.013937051383809337,1,low,5.0,1.0,0.013937051383809337
396,1,"6) $750 - $1,000",993.0,1,1,1,Womens E-Mail,0,0,0.0,1,True,False,False,False,0.013935095911698189,1,low,5.0,1.0,0.013935095911698189
397,1,"6) $750 - $1,000",879.26,1,1,1,No E-Mail,0,0,0.0,0,False,True,False,False,0.013930572053217394,1,low,5.0,1.0,0.013930572053217394
398,6,5) $500 - $750,734.42,1,1,1,Womens E-Mail,0,0,0.0,1,False,True,False,False,0.013929424779002587,1,low,5.0,1.0,0.013929424779002587
399,1,"6) $750 - $1,000",878.85,1,1,1,No E-Mail,0,0,0.0,0,False,True,False,False,0.013929335042654815,1,low,5.0,1.0,0.013929335042654815
400,7,"6) $750 - $1,000",816.7,1,1,1,No E-Mail,0,0,0.0,0,True,False,False,False,0.013926200572099092,1,low,5.0,1.0,0.013926200572099092
401,4,"6) $750 - $1,000",790.95,1,1,1,No E-Mail,0,0,0.0,0,False,True,False,False,0.013925641647588544,1,low,5.0,1.0,0.013925641647588544
402,3,"6) $750 - $1,000",931.72,1,1,1,Womens E-Mail,0,0,0.0,1,True,False,False,False,0.013924547823179917,1,low,5.0,1.0,0.013924547823179917
403,1,"7) $1,000 +",1937.04,0,1,1,No E-Mail,0,0,0.0,0,False,True,False,False,0.013923652188085629,1,low,5.0,1.0,0.013923652188085629
404,2,"6) $750 - $1,000",960.12,1,1,1,Womens E-Mail,0,0,0.0,1,True,False,False,False,0.013923063565828868,1,low,5.0,1.0,0.013923063565828868
405,5,"6) $750 - $1,000",872.22,1,1,1,Mens E-Mail,0,0,0.0,1,True,False,False,False,0.013919370170762597,1,low,5.0,1.0,0.013919370170762597
406,2,"7) $1,000 +",1532.29,1,1,1,Womens E-Mail,1,0,0.0,1,True,False,False,True,0.013918986240440221,1,low,5.0,1.0,0.013918986240440221
407,1,"6) $750 - $1,000",875.31,1,1,1,Mens E-Mail,1,0,0.0,1,False,True,False,False,0.013918654512431572,1,low,5.0,1.0,0.013918654512431572
408,4,"6) $750 - $1,000",787.83,1,1,1,Mens E-Mail,0,0,0.0,1,False,True,False,False,0.013916228298917213,1,low,5.0,1.0,0.013916228298917213
409,1,"7) $1,000 +",1447.55,1,1,1,Womens E-Mail,0,0,0.0,1,False,True,False,True,0.013914788383968247,1,low,5.0,1.0,0.013914788383968247
410,2,"7) $1,000 +",1201.09,1,1,1,No E-Mail,0,0,0.0,0,False,False,False,False,0.013914675402874185,1,low,5.0,1.0,0.013914675402874185
411,1,"6) $750 - $1,000",985.7,1,1,1,No E-Mail,0,0,0.0,0,True,False,False,False,0.01391307108948642,1,low,5.0,1.0,0.01391307108948642
412,10,5) $500 - $750,613.12,1,1,1,Womens E-Mail,1,0,0.0,1,False,True,False,False,0.013912130146621775,1,low,5.0,1.0,0.013912130146621775
413,4,"7) $1,000 +",1142.41,1,1,1,No E-Mail,0,0,0.0,0,False,False,False,False,0.013911971771582023,1,low,5.0,1.0,0.013911971771582023
414,5,"6) $750 - $1,000",869.51,1,1,1,No E-Mail,0,0,0.0,0,True,False,False,False,0.013911193832653846,1,low,5.0,1.0,0.013911193832653846
415,3,"6) $750 - $1,000",813.12,1,1,1,Mens E-Mail,1,0,0.0,1,False,True,False,False,0.013905360863884164,1,low,5.0,1.0,0.013905360863884164
416,2,"6) $750 - $1,000",841.45,1,1,1,Womens E-Mail,0,0,0.0,1,False,True,False,False,0.013903665409607795,1,low,5.0,1.0,0.013903665409607795
417,1,"6) $750 - $1,000",869.54,1,1,1,Mens E-Mail,0,0,0.0,1,False,True,False,False,0.013901245851587477,1,low,5.0,1.0,0.013901245851587477
418,1,"6) $750 - $1,000",869.52,1,1,1,Mens E-Mail,1,0,0.0,1,False,True,False,False,0.013901185509608813,1,low,5.0,1.0,0.013901185509608813
419,2,"6) $750 - $1,000",952.79,1,1,1,No E-Mail,1,0,0.0,0,True,False,False,False,0.013900948230649105,1,low,5.0,1.0,0.013900948230649105
420,7,5) $500 - $750,693.53,1,1,1,No E-Mail,0,0,0.0,0,False,True,False,False,0.013893225470678984,1,low,5.0,1.0,0.013893225470678984
421,10,5) $500 - $750,604.72,1,1,1,Mens E-Mail,0,0,0.0,1,False,True,False,False,0.013886786515583577,1,low,5.0,1.0,0.013886786515583577
422,9,5) $500 - $750,633.16,1,1,1,Womens E-Mail,1,0,0.0,1,False,True,False,False,0.013885422942189848,1,low,5.0,1.0,0.013885422942189848
423,5,5) $500 - $750,746.93,1,1,1,No E-Mail,1,0,0.0,0,False,True,False,False,0.013879998819604278,1,low,5.0,1.0,0.013879998819604278
424,3,"6) $750 - $1,000",804.23,1,1,1,Womens E-Mail,0,0,0.0,1,False,True,False,False,0.013878538854368738,1,low,5.0,1.0,0.013878538854368738
425,2,"7) $1,000 +",2023.03,1,1,1,No E-Mail,0,0,0.0,0,False,True,True,False,0.013876650974053668,1,low,5.0,1.0,0.013876650974053668
426,2,"6) $750 - $1,000",831.67,1,1,1,Womens E-Mail,0,0,0.0,1,False,True,False,False,0.013874158182041893,1,low,5.0,1.0,0.013874158182041893
427,1,"6) $750 - $1,000",860.11,1,1,1,Mens E-Mail,1,0,0.0,1,False,True,False,False,0.013872794608648167,1,low,5.0,1.0,0.013872794608648167
428,1,"7) $1,000 +",1544.76,1,1,1,No E-Mail,1,0,0.0,0,True,False,False,True,0.013869439597084587,1,low,5.0,1.0,0.013869439597084587
429,8,"6) $750 - $1,000",767.74,1,1,1,Womens E-Mail,0,0,0.0,1,True,False,False,False,0.013865653275385217,1,low,5.0,1.0,0.013865653275385217
430,1,"6) $750 - $1,000",969.96,1,1,1,Mens E-Mail,0,0,0.0,1,True,False,False,False,0.013865581952279129,1,low,5.0,1.0,0.013865581952279129
431,12,5) $500 - $750,539.84,1,1,1,Mens E-Mail,0,0,0.0,1,False,True,False,False,0.013865376870906075,1,low,5.0,1.0,0.013865376870906075
432,11,5) $500 - $750,568.56,1,1,1,Womens E-Mail,0,0,0.0,1,False,True,False,False,0.013864858085213622,1,low,5.0,1.0,0.013864858085213622
433,3,"6) $750 - $1,000",799.28,1,1,1,Mens E-Mail,1,1,110.71,1,False,True,False,False,0.0138636042146498,1,low,5.0,1.0,0.0138636042146498
434,3,"6) $750 - $1,000",797.52,1,1,1,Womens E-Mail,1,0,0.0,1,False,True,False,False,0.013858294120527508,1,low,5.0,1.0,0.013858294120527508
435,1,"7) $1,000 +",1428.71,1,1,1,Womens E-Mail,1,0,0.0,1,False,True,False,True,0.013857946240068288,1,low,5.0,1.0,0.013857946240068288
436,5,"6) $750 - $1,000",851.75,1,1,1,Mens E-Mail,0,0,0.0,1,True,False,False,False,0.013857610155601654,1,low,5.0,1.0,0.013857610155601654
437,10,5) $500 - $750,706.97,1,1,1,No E-Mail,0,0,0.0,0,True,False,False,False,0.013856643907322835,1,low,5.0,1.0,0.013856643907322835
438,2,"7) $1,000 +",1885.03,0,1,1,No E-Mail,0,0,0.0,0,False,True,False,False,0.013853902739625744,1,low,5.0,1.0,0.013853902739625744
439,2,"6) $750 - $1,000",824.7,1,1,1,Womens E-Mail,0,0,0.0,1,False,True,False,False,0.013853129002478055,1,low,5.0,1.0,0.013853129002478055
440,4,"6) $750 - $1,000",766.47,1,1,1,Mens E-Mail,0,0,0.0,1,False,True,False,False,0.013851783065705794,1,low,5.0,1.0,0.013851783065705794
441,2,"6) $750 - $1,000",823.96,1,1,1,Mens E-Mail,0,0,0.0,1,False,True,False,False,0.013850896349267547,1,low,5.0,1.0,0.013850896349267547
442,6,"6) $750 - $1,000",819.58,1,1,1,No E-Mail,0,0,0.0,0,True,False,False,False,0.013847719949974845,1,low,5.0,1.0,0.013847719949974845
443,7,"7) $1,000 +",1251.92,1,1,1,Womens E-Mail,0,0,0.0,1,False,True,False,True,0.013847572521991959,1,low,5.0,1.0,0.013847572521991959
444,2,"6) $750 - $1,000",822.76,1,1,1,Mens E-Mail,1,0,0.0,1,False,True,False,False,0.013847275830547803,1,low,5.0,1.0,0.013847275830547803
445,4,"6) $750 - $1,000",763.59,1,1,1,No E-Mail,0,0,0.0,0,False,True,False,False,0.013843093820778411,1,low,5.0,1.0,0.013843093820778411
446,3,"6) $750 - $1,000",791.04,1,1,1,No E-Mail,1,0,0.0,0,False,True,False,False,0.013838743319440898,1,low,5.0,1.0,0.013838743319440898
447,1,"6) $750 - $1,000",847.95,1,1,1,Womens E-Mail,0,0,0.0,1,False,True,False,False,0.013836106685621439,1,low,5.0,1.0,0.013836106685621439
448,1,"6) $750 - $1,000",958.86,1,1,1,No E-Mail,1,0,0.0,0,True,False,False,False,0.01383209215412151,1,low,5.0,1.0,0.01383209215412151
449,3,"6) $750 - $1,000",788.43,1,1,1,Womens E-Mail,1,0,0.0,1,False,True,False,False,0.013830868691225458,1,low,5.0,1.0,0.013830868691225458
450,7,"6) $750 - $1,000",785.02,1,1,1,No E-Mail,0,0,0.0,0,True,False,False,False,0.013830618877897884,1,low,5.0,1.0,0.013830618877897884
451,3,"6) $750 - $1,000",787.51,1,1,1,No E-Mail,0,0,0.0,0,False,True,False,False,0.013828092960206987,1,low,5.0,1.0,0.013828092960206987
452,2,"6) $750 - $1,000",928.24,1,1,1,Mens E-Mail,0,0,0.0,1,True,False,False,False,0.013826878451841036,1,low,5.0,1.0,0.013826878451841036
453,9,5) $500 - $750,613.48,1,1,1,Womens E-Mail,0,0,0.0,1,False,True,False,False,0.01382604643518607,1,low,5.0,1.0,0.01382604643518607
454,12,5) $500 - $750,525.95,1,1,1,Womens E-Mail,0,0,0.0,1,False,True,False,False,0.013823469366725055,1,low,5.0,1.0,0.013823469366725055
455,2,"6) $750 - $1,000",926.16,1,1,1,No E-Mail,0,0,0.0,0,True,False,False,False,0.013820602886060148,1,low,5.0,1.0,0.013820602886060148
456,3,"6) $750 - $1,000",783.84,1,1,1,Mens E-Mail,0,0,0.0,1,False,True,False,False,0.013817020207122443,1,low,5.0,1.0,0.013817020207122443
457,10,5) $500 - $750,692.16,1,1,1,Womens E-Mail,0,0,0.0,1,True,False,False,False,0.013811960672123345,1,low,5.0,1.0,0.013811960672123345
458,2,"6) $750 - $1,000",807.73,1,1,1,Mens E-Mail,0,0,0.0,1,False,True,False,False,0.013801928833583024,1,low,5.0,1.0,0.013801928833583024
459,10,5) $500 - $750,576.44,1,1,1,No E-Mail,1,0,0.0,0,False,True,False,False,0.013801462957754973,1,low,5.0,1.0,0.013801462957754973
460,6,"6) $750 - $1,000",802.74,1,1,1,No E-Mail,0,0,0.0,0,True,False,False,False,0.013796912003941123,1,low,5.0,1.0,0.013796912003941123
461,8,5) $500 - $750,632.58,1,1,1,No E-Mail,0,0,0.0,0,False,True,False,False,0.013796503157757014,1,low,5.0,1.0,0.013796503157757014
462,9,5) $500 - $750,603.22,1,1,1,Mens E-Mail,0,0,0.0,1,False,True,False,False,0.013795091000132268,1,low,5.0,1.0,0.013795091000132268
463,10,5) $500 - $750,686.45,1,1,1,Mens E-Mail,0,0,0.0,1,True,False,False,False,0.013794733037215236,1,low,5.0,1.0,0.013794733037215236
464,4,"6) $750 - $1,000",859.8,1,1,1,No E-Mail,0,0,0.0,0,True,False,False,False,0.013794727934961632,1,low,5.0,1.0,0.013794727934961632
465,2,"6) $750 - $1,000",805.31,1,1,1,Womens E-Mail,0,0,0.0,1,False,True,False,False,0.013794627454164876,1,low,5.0,1.0,0.013794627454164876
466,4,5) $500 - $750,746.79,1,1,1,No E-Mail,0,0,0.0,0,False,True,False,False,0.013792406558702015,1,low,5.0,1.0,0.013792406558702015
467,1,"6) $750 - $1,000",833.45,1,1,1,Womens E-Mail,0,0,0.0,1,False,True,False,False,0.013792358751091215,1,low,5.0,1.0,0.013792358751091215
468,1,"6) $750 - $1,000",945.29,1,1,1,Womens E-Mail,0,0,0.0,1,True,False,False,False,0.013791150121599085,1,low,5.0,1.0,0.013791150121599085
469,6,"6) $750 - $1,000",800.53,1,1,1,Womens E-Mail,0,0,0.0,1,True,False,False,False,0.01379024421529893,1,low,5.0,1.0,0.01379024421529893
470,1,"6) $750 - $1,000",832.28,1,1,1,No E-Mail,0,0,0.0,0,False,True,False,False,0.013788828745339467,1,low,5.0,1.0,0.013788828745339467
471,5,"6) $750 - $1,000",828.14,1,1,1,Womens E-Mail,1,0,0.0,1,True,False,False,False,0.013786376449790716,1,low,5.0,1.0,0.013786376449790716
472,3,"6) $750 - $1,000",771.98,1,1,1,No E-Mail,1,0,0.0,0,False,True,False,False,0.013781237413775651,1,low,5.0,1.0,0.013781237413775651
473,9,5) $500 - $750,710.73,1,1,1,Womens E-Mail,0,0,0.0,1,True,False,False,False,0.013780818332259736,1,low,5.0,1.0,0.013780818332259736
474,2,"6) $750 - $1,000",799.02,1,1,1,No E-Mail,1,0,0.0,0,False,True,False,False,0.013775649901875558,1,low,5.0,1.0,0.013775649901875558
475,3,"6) $750 - $1,000",881.84,1,1,1,No E-Mail,0,0,0.0,0,True,False,False,False,0.013774054928395946,1,low,5.0,1.0,0.013774054928395946
476,4,5) $500 - $750,740.62,1,1,1,No E-Mail,0,0,0.0,0,False,True,False,False,0.01377379105828467,1,low,5.0,1.0,0.01377379105828467
477,4,5) $500 - $750,739.8,1,1,1,Mens E-Mail,0,0,0.0,1,False,True,False,False,0.013771317037159513,1,low,5.0,1.0,0.013771317037159513
478,8,5) $500 - $750,736.46,1,1,1,Mens E-Mail,0,0,0.0,1,True,False,False,False,0.013771278420757257,1,low,5.0,1.0,0.013771278420757257
479,5,"6) $750 - $1,000",823.11,1,1,1,Mens E-Mail,0,0,0.0,1,True,False,False,False,0.013771200442157128,1,low,5.0,1.0,0.013771200442157128
480,2,"7) $1,000 +",1969.83,0,1,1,No E-Mail,0,0,0.0,0,True,False,False,False,0.013771111754982078,1,low,5.0,1.0,0.013771111754982078
481,6,"6) $750 - $1,000",793.46,1,1,1,No E-Mail,0,0,0.0,0,True,False,False,False,0.01376891332584178,1,low,5.0,1.0,0.01376891332584178
482,2,"6) $750 - $1,000",796.54,1,1,1,Womens E-Mail,0,0,0.0,1,False,True,False,False,0.013768167496521426,1,low,5.0,1.0,0.013768167496521426
483,7,5) $500 - $750,652.07,1,1,1,Womens E-Mail,1,0,0.0,1,False,True,False,False,0.013768136548911875,1,low,5.0,1.0,0.013768136548911875
484,6,"7) $1,000 +",1366.29,1,1,1,Womens E-Mail,0,0,0.0,1,True,False,False,True,0.013766827285748993,1,low,5.0,1.0,0.013766827285748993
485,1,"6) $750 - $1,000",824.31,1,1,1,Mens E-Mail,0,0,0.0,1,False,True,False,False,0.013764782466842509,1,low,5.0,1.0,0.013764782466842509
486,6,5) $500 - $750,679.73,1,1,1,Mens E-Mail,0,0,0.0,1,False,True,False,False,0.013764419638350314,1,low,5.0,1.0,0.013764419638350314
487,10,5) $500 - $750,675.87,1,1,1,Mens E-Mail,0,0,0.0,1,True,False,False,False,0.013762812130502837,1,low,5.0,1.0,0.013762812130502837
488,6,"6) $750 - $1,000",791.34,1,1,1,Womens E-Mail,1,0,0.0,1,True,False,False,False,0.013762517076103568,1,low,5.0,1.0,0.013762517076103568
489,4,5) $500 - $750,736.53,1,1,1,No E-Mail,0,0,0.0,0,False,True,False,False,0.013761451123648214,1,low,5.0,1.0,0.013761451123648214
490,1,"6) $750 - $1,000",823.06,1,1,1,Mens E-Mail,0,0,0.0,1,False,True,False,False,0.01376101109317611,1,low,5.0,1.0,0.01376101109317611
491,1,"6) $750 - $1,000",934.41,1,1,1,Womens E-Mail,0,0,0.0,1,True,False,False,False,0.013758324085206752,1,low,5.0,1.0,0.013758324085206752
492,11,5) $500 - $750,533.2,1,1,1,Womens E-Mail,0,0,0.0,1,False,True,False,False,0.013758173466938538,1,low,5.0,1.0,0.013758173466938538
493,7,5) $500 - $750,648.11,1,1,1,Womens E-Mail,1,0,0.0,1,False,True,False,False,0.013756188837136724,1,low,5.0,1.0,0.013756188837136724
494,12,5) $500 - $750,503.29,1,1,1,Womens E-Mail,0,0,0.0,1,False,True,False,False,0.01375510190490058,1,low,5.0,1.0,0.01375510190490058
495,4,5) $500 - $750,733.73,1,1,1,No E-Mail,0,0,0.0,0,False,True,False,False,0.013753003246635483,1,low,5.0,1.0,0.013753003246635483
496,11,5) $500 - $750,531.35,1,1,1,No E-Mail,0,0,0.0,0,False,True,False,False,0.013752591833912267,1,low,5.0,1.0,0.013752591833912267
497,7,5) $500 - $750,646.91,1,1,1,Mens E-Mail,0,0,0.0,1,False,True,False,False,0.01375256831841698,1,low,5.0,1.0,0.01375256831841698
498,3,"6) $750 - $1,000",759.01,1,1,1,Mens E-Mail,0,0,0.0,1,False,True,False,False,0.013742105640613098,1,low,5.0,1.0,0.013742105640613098
499,1,"7) $1,000 +",1501.93,1,1,1,Womens E-Mail,0,0,0.0,1,True,False,False,True,0.013740217249779104,1,low,5.0,1.0,0.013740217249779104
500,12,5) $500 - $750,610.45,1,1,1,Womens E-Mail,1,0,0.0,1,True,False,False,False,0.013739773252401454,1,low,5.0,1.0,0.013739773252401454
501,7,5) $500 - $750,642.45,1,1,1,Mens E-Mail,0,0,0.0,1,False,True,False,False,0.01373911205717527,1,low,5.0,1.0,0.01373911205717527
502,1,"6) $750 - $1,000",815.13,1,1,1,No E-Mail,0,0,0.0,0,False,True,False,False,0.013737085498636479,1,low,5.0,1.0,0.013737085498636479
503,1,"7) $1,000 +",1499.11,1,1,1,Mens E-Mail,0,0,0.0,1,True,False,False,True,0.013731709030787709,1,low,5.0,1.0,0.013731709030787709
504,8,5) $500 - $750,610.16,1,1,1,Mens E-Mail,1,0,0.0,1,False,True,False,False,0.013728859799676488,1,low,5.0,1.0,0.013728859799676488
505,4,"6) $750 - $1,000",837.47,1,1,1,Womens E-Mail,1,0,0.0,1,True,False,False,False,0.013727356115785088,1,low,5.0,1.0,0.013727356115785088
506,1,"6) $750 - $1,000",811.53,1,1,1,No E-Mail,0,0,0.0,0,False,True,False,False,0.013726223942477248,1,low,5.0,1.0,0.013726223942477248
507,8,5) $500 - $750,721.06,1,1,1,Mens E-Mail,0,0,0.0,1,True,False,False,False,0.013724815097187225,1,low,5.0,1.0,0.013724815097187225
508,5,5) $500 - $750,694.14,1,1,1,No E-Mail,0,0,0.0,0,False,True,False,False,0.013720726166924931,1,low,5.0,1.0,0.013720726166924931
509,2,"6) $750 - $1,000",780.35,1,1,1,Mens E-Mail,0,0,0.0,1,False,True,False,False,0.01371932066479423,1,low,5.0,1.0,0.01371932066479423
510,4,5) $500 - $750,722.17,1,1,1,No E-Mail,0,0,0.0,0,False,True,False,False,0.013718125582968626,1,low,5.0,1.0,0.013718125582968626
511,1,"6) $750 - $1,000",808.23,1,1,1,No E-Mail,1,0,0.0,0,False,True,False,False,0.013716267515997957,1,low,5.0,1.0,0.013716267515997957
512,4,5) $500 - $750,721.1,1,1,1,Mens E-Mail,1,0,0.0,1,False,True,False,False,0.01371489728711019,1,low,5.0,1.0,0.01371489728711019
513,3,5) $500 - $750,749.59,1,1,1,Womens E-Mail,1,0,0.0,1,False,True,False,False,0.01371368456866312,1,low,5.0,1.0,0.01371368456866312
514,8,5) $500 - $750,716.66,1,1,1,No E-Mail,0,0,0.0,0,True,False,False,False,0.013711539861881502,1,low,5.0,1.0,0.013711539861881502
515,5,5) $500 - $750,690.11,1,1,1,No E-Mail,1,0,0.0,0,False,True,False,False,0.01370856725822446,1,low,5.0,1.0,0.01370856725822446
516,2,"6) $750 - $1,000",776.24,1,1,1,No E-Mail,0,0,0.0,0,False,True,False,False,0.013706920388179111,1,low,5.0,1.0,0.013706920388179111
517,3,"6) $750 - $1,000",859.16,1,1,1,No E-Mail,0,0,0.0,0,True,False,False,False,0.01370562712459281,1,low,5.0,1.0,0.01370562712459281
518,8,5) $500 - $750,601.97,1,1,1,Mens E-Mail,1,0,0.0,1,False,True,False,False,0.013704149759414242,1,low,5.0,1.0,0.013704149759414242
519,8,5) $500 - $750,601.87,1,1,1,Womens E-Mail,0,0,0.0,1,False,True,False,False,0.01370384804952093,1,low,5.0,1.0,0.01370384804952093
520,3,5) $500 - $750,746.12,1,1,1,No E-Mail,0,0,0.0,0,False,True,False,False,0.013703215235365197,1,low,5.0,1.0,0.013703215235365197
521,1,"6) $750 - $1,000",915.79,1,1,1,Mens E-Mail,0,0,0.0,1,True,False,False,False,0.013702145703072077,1,low,5.0,1.0,0.013702145703072077
522,3,"6) $750 - $1,000",857.34,1,1,1,No E-Mail,0,0,0.0,0,True,False,False,False,0.013700136004534532,1,low,5.0,1.0,0.013700136004534532
523,6,"6) $750 - $1,000",770.12,1,1,1,No E-Mail,0,0,0.0,0,True,False,False,False,0.013698494236742784,1,low,5.0,1.0,0.013698494236742784
524,6,5) $500 - $750,657.75,1,1,1,No E-Mail,0,0,0.0,0,False,True,False,False,0.013698103803800363,1,low,5.0,1.0,0.013698103803800363
525,6,5) $500 - $750,657.34,1,1,1,Womens E-Mail,1,0,0.0,1,False,True,False,False,0.013696866793237783,1,low,5.0,1.0,0.013696866793237783
526,6,5) $500 - $750,656.44,1,1,1,Mens E-Mail,1,0,0.0,1,False,True,False,False,0.013694151404197975,1,low,5.0,1.0,0.013694151404197975
527,9,5) $500 - $750,681.73,1,1,1,Womens E-Mail,0,0,0.0,1,True,False,False,False,0.013693322463199287,1,low,5.0,1.0,0.013693322463199287
528,1,"6) $750 - $1,000",912.63,1,1,1,Womens E-Mail,0,0,0.0,1,True,False,False,False,0.013692611670443422,1,low,5.0,1.0,0.013692611670443422
529,4,5) $500 - $750,711.96,1,1,1,Womens E-Mail,0,0,0.0,1,False,True,False,False,0.01368732100286148,1,low,5.0,1.0,0.01368732100286148
530,3,"6) $750 - $1,000",851.49,1,1,1,Womens E-Mail,1,0,0.0,1,True,False,False,False,0.013682485975775788,1,low,5.0,1.0,0.013682485975775788
531,1,"6) $750 - $1,000",909.21,1,1,1,No E-Mail,0,0,0.0,0,True,False,False,False,0.013682293192092155,1,low,5.0,1.0,0.013682293192092155
532,3,5) $500 - $750,738.99,1,1,1,No E-Mail,0,0,0.0,0,False,True,False,False,0.01368170331997206,1,low,5.0,1.0,0.01368170331997206
533,6,5) $500 - $750,651.53,1,1,1,No E-Mail,0,0,0.0,0,False,True,False,False,0.01367933744843636,1,low,5.0,1.0,0.01367933744843636
534,8,5) $500 - $750,592.46,1,1,1,Mens E-Mail,0,0,0.0,1,False,True,False,False,0.013675457148560284,1,low,5.0,1.0,0.013675457148560284
535,3,"6) $750 - $1,000",849.16,1,1,1,No E-Mail,0,0,0.0,0,True,False,False,False,0.01367545613526162,1,low,5.0,1.0,0.01367545613526162
536,4,5) $500 - $750,707.74,1,1,1,No E-Mail,0,0,0.0,0,False,True,False,False,0.013674588845363721,1,low,5.0,1.0,0.013674588845363721
537,8,5) $500 - $750,704.38,1,1,1,Mens E-Mail,0,0,0.0,1,True,False,False,False,0.013674489886982801,1,low,5.0,1.0,0.013674489886982801
538,3,"6) $750 - $1,000",848.74,1,1,1,Mens E-Mail,0,0,0.0,1,True,False,False,False,0.01367418895370971,1,low,5.0,1.0,0.01367418895370971
539,4,"6) $750 - $1,000",818.49,1,1,1,Mens E-Mail,0,0,0.0,1,True,False,False,False,0.01367009157803449,1,low,5.0,1.0,0.01367009157803449
540,3,"6) $750 - $1,000",847.38,1,1,1,Mens E-Mail,0,0,0.0,1,True,False,False,False,0.013670085699160669,1,low,5.0,1.0,0.013670085699160669
541,3,"6) $750 - $1,000",846.64,1,1,1,No E-Mail,0,0,0.0,0,True,False,False,False,0.013667853045950161,1,low,5.0,1.0,0.013667853045950161
542,3,"6) $750 - $1,000",846.59,1,1,1,No E-Mail,0,0,0.0,0,True,False,False,False,0.013667702191003505,1,low,5.0,1.0,0.013667702191003505
543,1,"7) $1,000 +",1364.92,1,1,1,No E-Mail,0,0,0.0,0,False,True,False,True,0.013665485499124632,1,low,5.0,1.0,0.013665485499124632
544,9,5) $500 - $750,560.16,1,1,1,Mens E-Mail,0,0,0.0,1,False,True,False,False,0.01366517472007217,1,low,5.0,1.0,0.01366517472007217
545,1,"7) $1,000 +",1364.36,1,1,1,No E-Mail,1,0,0.0,0,False,True,False,True,0.013663795923722084,1,low,5.0,1.0,0.013663795923722084
546,10,5) $500 - $750,642.96,1,1,1,Mens E-Mail,1,0,0.0,1,True,False,False,False,0.013663519404613893,1,low,5.0,1.0,0.013663519404613893
547,1,"6) $750 - $1,000",790.36,1,1,1,Mens E-Mail,0,0,0.0,1,False,True,False,False,0.013662351958063122,1,low,5.0,1.0,0.013662351958063122
548,3,"6) $750 - $1,000",844.0,1,1,1,Womens E-Mail,0,0,0.0,1,True,False,False,False,0.013659887904766728,1,low,5.0,1.0,0.013659887904766728
549,1,"6) $750 - $1,000",789.45,1,1,1,Womens E-Mail,0,0,0.0,1,False,True,False,False,0.013659606398033982,1,low,5.0,1.0,0.013659606398033982
550,2,"6) $750 - $1,000",872.75,1,1,1,Womens E-Mail,0,0,0.0,1,True,False,False,False,0.013659459632042268,1,low,5.0,1.0,0.013659459632042268
551,7,5) $500 - $750,615.53,1,1,1,No E-Mail,0,0,0.0,0,False,True,False,False,0.013657891753895708,1,low,5.0,1.0,0.013657891753895708
552,1,"7) $1,000 +",1961.17,0,1,1,Womens E-Mail,0,0,0.0,1,True,False,False,False,0.013657813811169641,1,low,5.0,1.0,0.013657813811169641
553,2,"6) $750 - $1,000",759.87,1,1,1,Womens E-Mail,0,0,0.0,1,False,True,False,False,0.013657530478643955,1,low,5.0,1.0,0.013657530478643955
554,6,5) $500 - $750,643.97,1,1,1,No E-Mail,0,0,0.0,0,False,True,False,False,0.013656528180501983,1,low,5.0,1.0,0.013656528180501983
555,10,"6) $750 - $1,000",883.63,1,1,1,Mens E-Mail,1,0,0.0,1,False,False,False,False,0.013654226111979275,1,low,5.0,1.0,0.013654226111979275
556,2,"7) $1,000 +",1114.21,1,1,1,Womens E-Mail,1,0,0.0,1,False,False,False,False,0.013652549847564813,1,low,5.0,1.0,0.013652549847564813
557,1,"7) $1,000 +",1142.22,1,1,1,Womens E-Mail,0,0,0.0,1,False,False,False,False,0.013649888921629848,1,low,5.0,1.0,0.013649888921629848
558,10,5) $500 - $750,638.24,1,1,1,No E-Mail,0,0,0.0,0,True,False,False,False,0.013649278697649573,1,low,5.0,1.0,0.013649278697649573
559,1,"6) $750 - $1,000",898.17,1,1,1,No E-Mail,0,0,0.0,0,True,False,False,False,0.013648984419870521,1,low,5.0,1.0,0.013648984419870521
560,2,"6) $750 - $1,000",756.84,1,1,1,Mens E-Mail,0,0,0.0,1,False,True,False,False,0.013648388668876604,1,low,5.0,1.0,0.013648388668876604
561,1,"6) $750 - $1,000",785.05,1,1,1,Womens E-Mail,1,0,0.0,1,False,True,False,False,0.013646331162728259,1,low,5.0,1.0,0.013646331162728259
562,1,"7) $1,000 +",1358.36,1,1,1,No E-Mail,1,0,0.0,0,False,True,False,True,0.01364569333012337,1,low,5.0,1.0,0.01364569333012337
563,12,5) $500 - $750,578.71,1,1,1,No E-Mail,1,0,0.0,0,True,False,False,False,0.013644010532264259,1,low,5.0,1.0,0.013644010532264259
564,2,"6) $750 - $1,000",754.0,1,1,1,Mens E-Mail,1,0,0.0,1,False,True,False,False,0.013639820107906545,1,low,5.0,1.0,0.013639820107906545
565,1,"7) $1,000 +",1138.56,1,1,1,Womens E-Mail,0,0,0.0,1,False,False,False,False,0.013638846339534631,1,low,5.0,1.0,0.013638846339534631
566,2,"6) $750 - $1,000",753.09,1,1,1,No E-Mail,0,0,0.0,0,False,True,False,False,0.01363707454787741,1,low,5.0,1.0,0.01363707454787741
567,7,5) $500 - $750,608.36,1,1,1,No E-Mail,1,0,0.0,0,False,True,False,False,0.013636259154545246,1,low,5.0,1.0,0.013636259154545246
568,1,"6) $750 - $1,000",781.62,1,1,1,Womens E-Mail,0,0,0.0,1,False,True,False,False,0.013635982513387664,1,low,5.0,1.0,0.013635982513387664
569,6,5) $500 - $750,636.59,1,1,1,Mens E-Mail,0,0,0.0,1,False,True,False,False,0.013634261990375564,1,low,5.0,1.0,0.013634261990375564
570,1,"7) $1,000 +",1465.8,1,1,1,Mens E-Mail,1,0,0.0,1,True,False,False,True,0.013631209465325518,1,low,5.0,1.0,0.013631209465325518
571,3,5) $500 - $750,722.22,1,1,1,Womens E-Mail,0,0,0.0,1,False,True,False,False,0.013631106570863655,1,low,5.0,1.0,0.013631106570863655
572,11,5) $500 - $750,603.2,1,1,1,No E-Mail,0,0,0.0,0,True,False,False,False,0.013630729418084714,1,low,5.0,1.0,0.013630729418084714
573,2,"6) $750 - $1,000",862.86,1,1,1,No E-Mail,0,0,0.0,0,True,False,False,False,0.01362962052359372,1,low,5.0,1.0,0.01362962052359372
574,2,5) $500 - $750,749.65,1,1,1,Womens E-Mail,1,1,189.79,1,False,True,False,False,0.013626695727547478,1,low,5.0,1.0,0.013626695727547478
575,1,"6) $750 - $1,000",778.21,1,1,1,Womens E-Mail,0,0,0.0,1,False,True,False,False,0.013625694206025728,1,low,5.0,1.0,0.013625694206025728
576,4,5) $500 - $750,691.41,1,1,1,Womens E-Mail,0,0,0.0,1,False,True,False,False,0.01362531961978589,1,low,5.0,1.0,0.01362531961978589
577,8,5) $500 - $750,575.62,1,1,1,Mens E-Mail,0,0,0.0,1,False,True,False,False,0.01362464920252656,1,low,5.0,1.0,0.01362464920252656
578,5,5) $500 - $750,661.78,1,1,1,Womens E-Mail,0,0,0.0,1,False,True,False,False,0.013623092845449204,1,low,5.0,1.0,0.013623092845449204
579,3,5) $500 - $750,719.53,1,1,1,No E-Mail,0,0,0.0,0,False,True,False,False,0.013622990574733564,1,low,5.0,1.0,0.013622990574733564
580,8,5) $500 - $750,686.48,1,1,1,No E-Mail,0,0,0.0,0,True,False,False,False,0.013620483816079974,1,low,5.0,1.0,0.013620483816079974
581,10,5) $500 - $750,628.63,1,1,1,Womens E-Mail,0,0,0.0,1,True,False,False,False,0.0136202843769023,1,low,5.0,1.0,0.0136202843769023
582,4,5) $500 - $750,689.31,1,1,1,Mens E-Mail,0,0,0.0,1,False,True,False,False,0.013618983712026338,1,low,5.0,1.0,0.013618983712026338
583,1,"7) $1,000 +",1131.01,1,1,1,No E-Mail,1,0,0.0,0,False,False,False,False,0.013616067242589583,1,low,5.0,1.0,0.013616067242589583
584,1,"6) $750 - $1,000",774.14,1,1,1,Womens E-Mail,1,1,69.25,1,False,True,False,False,0.013613414613367934,1,low,5.0,1.0,0.013613414613367934
585,5,5) $500 - $750,658.25,1,1,1,Womens E-Mail,0,0,0.0,1,False,True,False,False,0.013612442486215293,1,low,5.0,1.0,0.013612442486215293
586,1,"6) $750 - $1,000",773.73,1,1,1,No E-Mail,1,0,0.0,0,False,True,False,False,0.013612177602805354,1,low,5.0,1.0,0.013612177602805354
587,1,"6) $750 - $1,000",885.62,1,1,1,Mens E-Mail,1,0,0.0,1,True,False,False,False,0.01361111982825988,1,low,5.0,1.0,0.01361111982825988
588,10,5) $500 - $750,624.88,1,1,1,Womens E-Mail,0,0,0.0,1,True,False,False,False,0.013608970255903104,1,low,5.0,1.0,0.013608970255903104
589,6,5) $500 - $750,627.74,1,1,1,Mens E-Mail,0,0,0.0,1,False,True,False,False,0.013607560664817463,1,low,5.0,1.0,0.013607560664817463
590,1,"6) $750 - $1,000",883.04,1,1,1,Mens E-Mail,1,0,0.0,1,True,False,False,False,0.013603335713012433,1,low,5.0,1.0,0.013603335713012433
591,11,4) $350 - $500,481.68,1,1,1,No E-Mail,0,0,0.0,0,False,True,False,False,0.013602732529904252,1,low,5.0,1.0,0.013602732529904252
592,4,"7) $1,000 +",1256.74,1,1,1,Womens E-Mail,0,0,0.0,1,False,True,False,True,0.01360060533769471,1,low,5.0,1.0,0.01360060533769471
593,3,5) $500 - $750,711.94,1,1,1,Womens E-Mail,0,0,0.0,1,False,True,False,False,0.013600090793831194,1,low,5.0,1.0,0.013600090793831194
594,12,5) $500 - $750,562.94,1,1,1,No E-Mail,0,0,0.0,0,True,False,False,False,0.013596430882088974,1,low,5.0,1.0,0.013596430882088974
595,5,"6) $750 - $1,000",765.09,1,1,1,Womens E-Mail,0,0,0.0,1,True,False,False,False,0.013596148362057569,1,low,5.0,1.0,0.013596148362057569
596,1,"7) $1,000 +",1453.86,1,1,1,No E-Mail,0,0,0.0,0,True,False,False,True,0.013595185304064079,1,low,5.0,1.0,0.013595185304064079
597,11,5) $500 - $750,591.39,1,1,1,No E-Mail,0,0,0.0,0,True,False,False,False,0.013595097479684579,1,low,5.0,1.0,0.013595097479684579
598,1,"6) $750 - $1,000",767.24,1,1,1,Mens E-Mail,0,0,0.0,1,False,True,False,False,0.013592596630729412,1,low,5.0,1.0,0.013592596630729412
599,1,"7) $1,000 +",1340.41,1,1,1,Womens E-Mail,1,0,0.0,1,False,True,False,True,0.013591536404273886,1,low,5.0,1.0,0.013591536404273886
600,2,5) $500 - $750,737.64,1,1,1,Mens E-Mail,0,0,0.0,1,False,True,False,False,0.013590460369360721,1,low,5.0,1.0,0.013590460369360721
601,6,5) $500 - $750,733.97,1,1,1,Womens E-Mail,0,0,0.0,1,True,False,False,False,0.013589426110310535,1,low,5.0,1.0,0.013589426110310535
602,7,5) $500 - $750,592.1,1,1,1,Womens E-Mail,0,0,0.0,1,False,True,False,False,0.013587201125892734,1,low,5.0,1.0,0.013587201125892734
603,3,5) $500 - $750,707.55,1,1,1,Mens E-Mail,0,0,0.0,1,False,True,False,False,0.0135868457295148,1,low,5.0,1.0,0.0135868457295148
604,5,5) $500 - $750,649.6,1,1,1,Mens E-Mail,0,0,0.0,1,False,True,False,False,0.013586344580443815,1,low,5.0,1.0,0.013586344580443815
605,10,5) $500 - $750,504.49,1,1,1,Mens E-Mail,1,0,0.0,1,False,True,False,False,0.013584382689517067,1,low,5.0,1.0,0.013584382689517067
606,10,5) $500 - $750,503.34,1,1,1,Womens E-Mail,0,0,0.0,1,False,True,False,False,0.01358091302574398,1,low,5.0,1.0,0.01358091302574398
607,7,"6) $750 - $1,000",945.43,1,1,1,Womens E-Mail,0,0,0.0,1,False,False,False,False,0.013579173224891142,1,low,5.0,1.0,0.013579173224891142
608,2,"7) $1,000 +",1089.43,1,1,1,No E-Mail,0,0,0.0,0,False,False,False,False,0.013577786136002128,1,low,5.0,1.0,0.013577786136002128
609,2,5) $500 - $750,733.32,1,1,1,Mens E-Mail,1,0,0.0,1,False,True,False,False,0.013577426501969646,1,low,5.0,1.0,0.013577426501969646
610,11,"6) $750 - $1,000",828.91,1,1,1,Mens E-Mail,0,0,0.0,1,False,False,False,False,0.013576300325410637,1,low,5.0,1.0,0.013576300325410637
611,2,"7) $1,000 +",1305.72,1,1,1,Mens E-Mail,0,0,0.0,1,False,True,False,True,0.013574043109335618,1,low,5.0,1.0,0.013574043109335618
612,2,5) $500 - $750,732.13,1,1,1,Womens E-Mail,0,0,0.0,1,False,True,False,False,0.013573836154239235,1,low,5.0,1.0,0.013573836154239235
613,3,5) $500 - $750,702.75,1,1,1,Womens E-Mail,0,0,0.0,1,False,True,False,False,0.013572363654635829,1,low,5.0,1.0,0.013572363654635829
614,10,4) $350 - $500,499.39,1,1,1,No E-Mail,0,0,0.0,0,False,True,False,False,0.01356899548495816,1,low,5.0,1.0,0.01356899548495816
615,2,5) $500 - $750,730.13,1,1,1,No E-Mail,0,0,0.0,0,False,True,False,False,0.013567801956372999,1,low,5.0,1.0,0.013567801956372999
616,2,"6) $750 - $1,000",841.81,1,1,1,No E-Mail,0,0,0.0,0,True,False,False,False,0.013566110591051568,1,low,5.0,1.0,0.013566110591051568
617,7,5) $500 - $750,584.72,1,1,1,No E-Mail,0,0,0.0,0,False,True,False,False,0.013564934935766316,1,low,5.0,1.0,0.013564934935766316
618,9,5) $500 - $750,526.25,1,1,1,Mens E-Mail,1,0,0.0,1,False,True,False,False,0.013562864895250108,1,low,5.0,1.0,0.013562864895250108
619,1,"6) $750 - $1,000",757.38,1,1,1,Mens E-Mail,0,0,0.0,1,False,True,False,False,0.013562848035248862,1,low,5.0,1.0,0.013562848035248862
620,5,"6) $750 - $1,000",997.8,1,1,1,No E-Mail,0,0,0.0,0,False,False,False,False,0.013562838961915324,1,low,5.0,1.0,0.013562838961915324
621,7,5) $500 - $750,582.74,1,1,1,Mens E-Mail,0,0,0.0,1,False,True,False,False,0.01355896107987874,1,low,5.0,1.0,0.01355896107987874
622,3,"7) $1,000 +",1271.66,1,1,1,Womens E-Mail,0,0,0.0,1,False,True,False,True,0.013558450586725217,1,low,5.0,1.0,0.013558450586725217
623,5,5) $500 - $750,640.16,1,1,1,Mens E-Mail,0,0,0.0,1,False,True,False,False,0.013557863166515173,1,low,5.0,1.0,0.013557863166515173
624,4,"6) $750 - $1,000",780.55,1,1,1,Mens E-Mail,0,0,0.0,1,True,False,False,False,0.013555622844511958,1,low,5.0,1.0,0.013555622844511958
625,1,"6) $750 - $1,000",866.98,1,1,1,Mens E-Mail,1,0,0.0,1,True,False,False,False,0.013554881104146543,1,low,5.0,1.0,0.013554881104146543
626,3,5) $500 - $750,696.34,1,1,1,Womens E-Mail,1,0,0.0,1,False,True,False,False,0.013553024050474538,1,low,5.0,1.0,0.013553024050474538
627,2,5) $500 - $750,725.06,1,1,1,Mens E-Mail,0,0,0.0,1,False,True,False,False,0.013552505264782085,1,low,5.0,1.0,0.013552505264782085
628,10,5) $500 - $750,606.05,1,1,1,No E-Mail,0,0,0.0,0,True,False,False,False,0.013552158282992475,1,low,5.0,1.0,0.013552158282992475
629,1,"6) $750 - $1,000",753.68,1,1,1,Womens E-Mail,1,0,0.0,1,False,True,False,False,0.013551684769196319,1,low,5.0,1.0,0.013551684769196319
630,10,5) $500 - $750,605.81,1,1,1,Womens E-Mail,0,0,0.0,1,True,False,False,False,0.013551434179248525,1,low,5.0,1.0,0.013551434179248525
631,1,"7) $1,000 +",1108.84,1,1,1,Womens E-Mail,0,0,0.0,1,False,False,False,False,0.013549178159242337,1,low,5.0,1.0,0.013549178159242337
632,4,5) $500 - $750,666.1,1,1,1,No E-Mail,0,0,0.0,0,False,True,False,False,0.013548956845788648,1,low,5.0,1.0,0.013548956845788648
633,10,5) $500 - $750,604.74,1,1,1,No E-Mail,0,0,0.0,0,True,False,False,False,0.01354820588339009,1,low,5.0,1.0,0.01354820588339009
634,7,"6) $750 - $1,000",935.11,1,1,1,Mens E-Mail,0,0,0.0,1,False,False,False,False,0.013548036763901355,1,low,5.0,1.0,0.013548036763901355
635,2,"7) $1,000 +",1409.29,1,1,1,Mens E-Mail,1,0,0.0,1,True,False,False,True,0.013547883071666596,1,low,5.0,1.0,0.013547883071666596
636,10,4) $350 - $500,492.11,1,1,1,Mens E-Mail,0,0,0.0,1,False,True,False,False,0.013547031004725055,1,low,5.0,1.0,0.013547031004725055
637,5,"7) $1,000 +",1209.42,1,1,1,No E-Mail,1,0,0.0,0,False,True,False,True,0.013545006083231153,1,low,5.0,1.0,0.013545006083231153
638,1,5) $500 - $750,748.82,1,1,1,Womens E-Mail,1,0,0.0,1,False,True,False,False,0.013537021668381364,1,low,5.0,1.0,0.013537021668381364
639,4,"6) $750 - $1,000",774.26,1,1,1,Mens E-Mail,1,0,0.0,1,True,False,False,False,0.013536645292222642,1,low,5.0,1.0,0.013536645292222642
640,1,5) $500 - $750,748.18,1,1,1,No E-Mail,0,0,0.0,0,False,True,False,False,0.013535090725064165,1,low,5.0,1.0,0.013535090725064165
641,2,"7) $1,000 +",1291.85,1,1,1,No E-Mail,0,0,0.0,0,False,True,False,True,0.013532195947133261,1,low,5.0,1.0,0.013532195947133261
642,1,5) $500 - $750,745.63,1,1,1,Womens E-Mail,0,0,0.0,1,False,True,False,False,0.013527397122784713,1,low,5.0,1.0,0.013527397122784713
643,5,"7) $1,000 +",1802.3,0,1,1,Womens E-Mail,0,0,0.0,1,True,False,False,False,0.013527166771871548,1,low,5.0,1.0,0.013527166771871548
644,2,"7) $1,000 +",1401.43,1,1,1,Mens E-Mail,1,0,0.0,1,True,False,False,True,0.01352416867405228,1,low,5.0,1.0,0.01352416867405228
645,2,"6) $750 - $1,000",827.82,1,1,1,Mens E-Mail,0,0,0.0,1,True,False,False,False,0.013523901376977236,1,low,5.0,1.0,0.013523901376977236
646,4,"6) $750 - $1,000",769.78,1,1,1,No E-Mail,0,0,0.0,0,True,False,False,False,0.013523128689002269,1,low,5.0,1.0,0.013523128689002269
647,1,5) $500 - $750,743.5,1,1,1,No E-Mail,0,0,0.0,0,False,True,False,False,0.01352097070205717,1,low,5.0,1.0,0.01352097070205717
648,1,5) $500 - $750,742.96,1,1,1,Womens E-Mail,0,0,0.0,1,False,True,False,False,0.013519341468633286,1,low,5.0,1.0,0.013519341468633286
649,1,5) $500 - $750,742.74,1,1,1,No E-Mail,1,0,0.0,0,False,True,False,False,0.013518677706867998,1,low,5.0,1.0,0.013518677706867998
650,2,"7) $1,000 +",1399.09,1,1,1,No E-Mail,0,0,0.0,0,True,False,False,True,0.013517108662548783,1,low,5.0,1.0,0.013517108662548783
651,5,5) $500 - $750,626.29,1,1,1,No E-Mail,0,0,0.0,0,False,True,False,False,0.013516016004312813,1,low,5.0,1.0,0.013516016004312813
652,9,5) $500 - $750,622.34,1,1,1,Mens E-Mail,0,0,0.0,1,True,False,False,False,0.013514136957561354,1,low,5.0,1.0,0.013514136957561354
653,2,"6) $750 - $1,000",824.52,1,1,1,Mens E-Mail,0,0,0.0,1,True,False,False,False,0.013513944950497942,1,low,5.0,1.0,0.013513944950497942
654,5,"7) $1,000 +",1311.18,1,1,1,Womens E-Mail,1,0,0.0,1,True,False,False,True,0.013513385096493183,1,low,5.0,1.0,0.013513385096493183
655,9,5) $500 - $750,621.56,1,1,1,Womens E-Mail,0,0,0.0,1,True,False,False,False,0.01351178362039352,1,low,5.0,1.0,0.01351178362039352
656,1,"7) $1,000 +",1426.13,1,1,1,Mens E-Mail,0,0,0.0,1,True,False,False,True,0.013511521150648692,1,low,5.0,1.0,0.013511521150648692
657,8,5) $500 - $750,537.94,1,1,1,Mens E-Mail,1,0,0.0,1,False,True,False,False,0.013510964914726638,1,low,5.0,1.0,0.013510964914726638
658,4,5) $500 - $750,652.85,1,1,1,Womens E-Mail,0,0,0.0,1,False,True,False,False,0.013508980284924824,1,low,5.0,1.0,0.013508980284924824
659,4,5) $500 - $750,651.95,1,1,1,Mens E-Mail,0,0,0.0,1,False,True,False,False,0.013506264895885016,1,low,5.0,1.0,0.013506264895885016
660,1,"7) $1,000 +",1094.28,1,1,1,No E-Mail,0,0,0.0,0,False,False,False,False,0.013505249198776126,1,low,5.0,1.0,0.013505249198776126
661,4,5) $500 - $750,651.35,1,1,1,Womens E-Mail,0,0,0.0,1,False,True,False,False,0.013504454636525144,1,low,5.0,1.0,0.013504454636525144
662,9,5) $500 - $750,618.2,1,1,1,Mens E-Mail,1,1,73.82,1,True,False,False,False,0.013501646167978242,1,low,5.0,1.0,0.013501646167978242
663,4,"6) $750 - $1,000",762.35,1,1,1,No E-Mail,0,0,0.0,0,True,False,False,False,0.013500711643929195,1,low,5.0,1.0,0.013500711643929195
664,10,4) $350 - $500,476.27,1,1,1,No E-Mail,0,0,0.0,0,False,True,False,False,0.01349924015762445,1,low,5.0,1.0,0.01349924015762445
665,6,5) $500 - $750,703.76,1,1,1,Womens E-Mail,1,0,0.0,1,True,False,False,False,0.013498279551541013,1,low,5.0,1.0,0.013498279551541013
666,1,"7) $1,000 +",1091.61,1,1,1,No E-Mail,1,0,0.0,0,False,False,False,False,0.013497193544624699,1,low,5.0,1.0,0.013497193544624699
667,8,5) $500 - $750,533.13,1,1,1,Mens E-Mail,0,0,0.0,1,False,True,False,False,0.013496452668858336,1,low,5.0,1.0,0.013496452668858336
668,9,5) $500 - $750,502.48,1,1,1,Womens E-Mail,0,0,0.0,1,False,True,False,False,0.01349114845360987,1,low,5.0,1.0,0.01349114845360987
669,9,5) $500 - $750,502.44,1,1,1,Mens E-Mail,1,0,0.0,1,False,True,False,False,0.013491027769652546,1,low,5.0,1.0,0.013491027769652546
670,2,5) $500 - $750,704.54,1,1,1,Womens E-Mail,0,0,0.0,1,False,True,False,False,0.013490594394674486,1,low,5.0,1.0,0.013490594394674486
671,1,5) $500 - $750,733.39,1,1,1,No E-Mail,0,0,0.0,0,False,True,False,False,0.013490467831843336,1,low,5.0,1.0,0.013490467831843336
672,1,5) $500 - $750,731.97,1,1,1,Mens E-Mail,0,0,0.0,1,False,True,False,False,0.013486183551358309,1,low,5.0,1.0,0.013486183551358309
673,1,5) $500 - $750,731.92,1,1,1,Womens E-Mail,0,0,0.0,1,False,True,False,False,0.013486032696411653,1,low,5.0,1.0,0.013486032696411653
674,8,5) $500 - $750,528.43,1,1,1,Mens E-Mail,1,0,0.0,1,False,True,False,False,0.013482272303872677,1,low,5.0,1.0,0.013482272303872677
675,5,5) $500 - $750,614.7,1,1,1,Mens E-Mail,0,0,0.0,1,False,True,False,False,0.013481047827677964,1,low,5.0,1.0,0.013481047827677964
676,1,5) $500 - $750,729.71,1,1,1,Womens E-Mail,0,0,0.0,1,False,True,False,False,0.013479364907769461,1,low,5.0,1.0,0.013479364907769461
677,6,5) $500 - $750,585.13,1,1,1,No E-Mail,0,0,0.0,0,False,True,False,False,0.013479002079277266,1,low,5.0,1.0,0.013479002079277266
678,7,5) $500 - $750,668.43,1,1,1,Mens E-Mail,0,0,0.0,1,True,False,False,False,0.01347885531328555,1,low,5.0,1.0,0.01347885531328555
679,1,5) $500 - $750,729.49,1,1,1,Womens E-Mail,0,0,0.0,1,False,True,False,False,0.013478701146004173,1,low,5.0,1.0,0.013478701146004173
680,7,5) $500 - $750,668.35,1,1,1,No E-Mail,0,0,0.0,0,True,False,False,False,0.0134786139453709,1,low,5.0,1.0,0.0134786139453709
681,1,"6) $750 - $1,000",841.18,1,1,1,Mens E-Mail,0,0,0.0,1,True,False,False,False,0.013477039951672076,1,low,5.0,1.0,0.013477039951672076
682,1,"6) $750 - $1,000",840.72,1,1,1,No E-Mail,1,0,0.0,0,True,False,False,False,0.01347565208616284,1,low,5.0,1.0,0.01347565208616284
683,10,4) $350 - $500,468.27,1,1,1,Mens E-Mail,0,0,0.0,1,False,True,False,False,0.0134751033661595,1,low,5.0,1.0,0.0134751033661595
684,3,5) $500 - $750,669.75,1,1,1,Mens E-Mail,1,0,0.0,1,False,True,False,False,0.013472799389842905,1,low,5.0,1.0,0.013472799389842905
685,2,5) $500 - $750,698.55,1,1,1,No E-Mail,0,0,0.0,0,False,True,False,False,0.013472521972065103,1,low,5.0,1.0,0.013472521972065103
686,2,5) $500 - $750,697.34,1,1,1,Womens E-Mail,0,0,0.0,1,False,True,False,False,0.013468871282356028,1,low,5.0,1.0,0.013468871282356028
687,1,"7) $1,000 +",1082.22,1,1,1,Womens E-Mail,0,0,0.0,1,False,False,False,False,0.013468862985642711,1,low,5.0,1.0,0.013468862985642711
688,8,5) $500 - $750,636.18,1,1,1,No E-Mail,0,0,0.0,0,True,False,False,False,0.013468723739744093,1,low,5.0,1.0,0.013468723739744093
689,2,"6) $750 - $1,000",809.31,1,1,1,Womens E-Mail,0,0,0.0,1,True,False,False,False,0.013468054875725203,1,low,5.0,1.0,0.013468054875725203
690,2,"7) $1,000 +",1381.61,1,1,1,Mens E-Mail,0,0,0.0,1,True,False,False,True,0.013464369773197864,1,low,5.0,1.0,0.013464369773197864
691,6,5) $500 - $750,579.12,1,1,1,Womens E-Mail,0,0,0.0,1,False,True,False,False,0.01346086931468922,1,low,5.0,1.0,0.01346086931468922
692,2,5) $500 - $750,694.64,1,1,1,Mens E-Mail,0,0,0.0,1,False,True,False,False,0.013460725115236608,1,low,5.0,1.0,0.013460725115236608
693,3,"7) $1,000 +",1021.7,1,1,1,No E-Mail,0,0,0.0,0,False,False,False,False,0.013460607892313611,1,low,5.0,1.0,0.013460607892313611
694,7,5) $500 - $750,550.1,1,1,1,Mens E-Mail,0,0,0.0,1,False,True,False,False,0.013460482970701737,1,low,5.0,1.0,0.013460482970701737
695,1,"7) $1,000 +",1895.51,0,1,1,No E-Mail,0,0,0.0,0,True,False,False,False,0.013459711095221052,1,low,5.0,1.0,0.013459711095221052
696,4,"7) $1,000 +",1210.01,1,1,1,Mens E-Mail,0,0,0.0,1,False,True,False,True,0.013459616304550063,1,low,5.0,1.0,0.013459616304550063
697,2,5) $500 - $750,692.66,1,1,1,Mens E-Mail,1,0,0.0,1,False,True,False,False,0.013454751259349033,1,low,5.0,1.0,0.013454751259349033
698,7,5) $500 - $750,660.33,1,1,1,Mens E-Mail,1,0,0.0,1,True,False,False,False,0.013454416811927286,1,low,5.0,1.0,0.013454416811927286
699,4,5) $500 - $750,633.38,1,1,1,No E-Mail,0,0,0.0,0,False,True,False,False,0.013450237368696997,1,low,5.0,1.0,0.013450237368696997
700,6,"7) $1,000 +",1261.23,1,1,1,Mens E-Mail,0,0,0.0,1,True,False,False,True,0.01344985087183552,1,low,5.0,1.0,0.01344985087183552
701,4,5) $500 - $750,744.45,1,1,1,No E-Mail,0,0,0.0,0,True,False,False,False,0.013446705573026366,1,low,5.0,1.0,0.013446705573026366
702,4,"7) $1,000 +",1317.94,1,1,1,Mens E-Mail,1,0,0.0,1,True,False,False,True,0.013446610818229439,1,low,5.0,1.0,0.013446610818229439
703,2,"6) $750 - $1,000",801.67,1,1,1,Mens E-Mail,1,0,0.0,1,True,False,False,False,0.013445004239876174,1,low,5.0,1.0,0.013445004239876174
704,9,"7) $1,000 +",1172.42,1,1,1,Mens E-Mail,0,0,0.0,1,True,False,False,True,0.013443411916740113,1,low,5.0,1.0,0.013443411916740113
705,2,5) $500 - $750,688.53,1,1,1,No E-Mail,0,0,0.0,0,False,True,False,False,0.01344229064075525,1,low,5.0,1.0,0.01344229064075525
706,3,"7) $1,000 +",1232.96,1,1,1,Womens E-Mail,0,0,0.0,1,False,True,False,True,0.013441688858013515,1,low,5.0,1.0,0.013441688858013515
707,1,"7) $1,000 +",1072.68,1,1,1,No E-Mail,0,0,0.0,0,False,False,False,False,0.013440079861820758,1,low,5.0,1.0,0.013440079861820758
708,4,5) $500 - $750,741.67,1,1,1,No E-Mail,0,0,0.0,0,True,False,False,False,0.013438318037992296,1,low,5.0,1.0,0.013438318037992296
709,10,4) $350 - $500,455.85,1,1,1,No E-Mail,0,0,0.0,0,False,True,False,False,0.013437630997410164,1,low,5.0,1.0,0.013437630997410164
710,8,5) $500 - $750,625.85,1,1,1,Womens E-Mail,0,0,0.0,1,True,False,False,False,0.013437557107764973,1,low,5.0,1.0,0.013437557107764973
711,4,5) $500 - $750,741.36,1,1,1,No E-Mail,1,0,0.0,0,True,False,False,False,0.013437382737323028,1,low,5.0,1.0,0.013437382737323028
712,3,5) $500 - $750,657.19,1,1,1,Mens E-Mail,1,0,0.0,1,False,True,False,False,0.013434904627242932,1,low,5.0,1.0,0.013434904627242932
713,2,"7) $1,000 +",1259.36,1,1,1,Womens E-Mail,0,0,0.0,1,False,True,False,True,0.013434170402796226,1,low,5.0,1.0,0.013434170402796226
714,1,5) $500 - $750,713.53,1,1,1,Womens E-Mail,0,0,0.0,1,False,True,False,False,0.013430548247031597,1,low,5.0,1.0,0.013430548247031597
715,1,"6) $750 - $1,000",825.64,1,1,1,Mens E-Mail,0,0,0.0,1,True,False,False,False,0.013430154234251408,1,low,5.0,1.0,0.013430154234251408
716,2,5) $500 - $750,683.85,1,1,1,Mens E-Mail,1,0,0.0,1,False,True,False,False,0.013428170617748255,1,low,5.0,1.0,0.013428170617748255
717,3,5) $500 - $750,654.9,1,1,1,No E-Mail,0,0,0.0,0,False,True,False,False,0.013427995470686089,1,low,5.0,1.0,0.013427995470686089
718,8,5) $500 - $750,508.61,1,1,1,Womens E-Mail,0,0,0.0,1,False,True,False,False,0.013422473403018262,1,low,5.0,1.0,0.013422473403018262
719,1,"7) $1,000 +",1283.93,1,1,1,No E-Mail,0,0,0.0,0,False,True,False,True,0.01342113065653133,1,low,5.0,1.0,0.01342113065653133
720,5,5) $500 - $750,594.48,1,1,1,Womens E-Mail,0,0,0.0,1,False,True,False,False,0.0134200420872503,1,low,5.0,1.0,0.0134200420872503
721,6,5) $500 - $750,677.38,1,1,1,Womens E-Mail,0,0,0.0,1,True,False,False,False,0.013418688481685336,1,low,5.0,1.0,0.013418688481685336
722,8,5) $500 - $750,618.89,1,1,1,Womens E-Mail,0,0,0.0,1,True,False,False,False,0.013416558099190465,1,low,5.0,1.0,0.013416558099190465
723,7,5) $500 - $750,647.67,1,1,1,Mens E-Mail,0,0,0.0,1,True,False,False,False,0.013416220339434001,1,low,5.0,1.0,0.013416220339434001
724,3,"6) $750 - $1,000",762.82,1,1,1,Mens E-Mail,0,0,0.0,1,True,False,False,False,0.013414959813376133,1,low,5.0,1.0,0.013414959813376133
725,1,"7) $1,000 +",1063.48,1,1,1,Mens E-Mail,0,0,0.0,1,False,False,False,False,0.013412322551636064,1,low,5.0,1.0,0.013412322551636064
726,2,"6) $750 - $1,000",790.58,1,1,1,No E-Mail,0,0,0.0,0,True,False,False,False,0.013411544612707887,1,low,5.0,1.0,0.013411544612707887
727,2,"7) $1,000 +",1364.1,1,1,1,No E-Mail,0,0,0.0,0,True,False,False,True,0.013411540370878952,1,low,5.0,1.0,0.013411540370878952
728,3,"7) $1,000 +",1222.42,1,1,1,Womens E-Mail,1,0,0.0,1,False,True,False,True,0.013409888635258441,1,low,5.0,1.0,0.013409888635258441
729,2,5) $500 - $750,677.77,1,1,1,Mens E-Mail,1,0,0.0,1,False,True,False,False,0.013409826656234893,1,low,5.0,1.0,0.013409826656234893
730,1,5) $500 - $750,706.43,1,1,1,Mens E-Mail,0,0,0.0,1,False,True,False,False,0.013409126844606451,1,low,5.0,1.0,0.013409126844606451
731,8,5) $500 - $750,504.05,1,1,1,Womens E-Mail,0,0,0.0,1,False,True,False,False,0.013408715431883239,1,low,5.0,1.0,0.013408715431883239
732,1,"6) $750 - $1,000",818.51,1,1,1,No E-Mail,0,0,0.0,0,True,False,False,False,0.01340864231885827,1,low,5.0,1.0,0.01340864231885827
733,1,5) $500 - $750,705.0,1,1,1,No E-Mail,1,0,0.0,0,False,True,False,False,0.013404812393132091,1,low,5.0,1.0,0.013404812393132091
734,7,5) $500 - $750,643.78,1,1,1,No E-Mail,1,0,0.0,0,True,False,False,False,0.013404483824584168,1,low,5.0,1.0,0.013404483824584168
735,1,"6) $750 - $1,000",816.36,1,1,1,Womens E-Mail,0,0,0.0,1,True,False,False,False,0.013402155556152064,1,low,5.0,1.0,0.013402155556152064
736,4,5) $500 - $750,729.12,1,1,1,Mens E-Mail,0,0,0.0,1,True,False,False,False,0.013400453446381654,1,low,5.0,1.0,0.013400453446381654
737,7,5) $500 - $750,642.26,1,1,1,No E-Mail,1,0,0.0,0,True,False,False,False,0.013399897834205827,1,low,5.0,1.0,0.013399897834205827
738,5,5) $500 - $750,587.76,1,1,1,Mens E-Mail,0,0,0.0,1,False,True,False,False,0.013399767182419739,1,low,5.0,1.0,0.013399767182419739
739,2,5) $500 - $750,673.41,1,1,1,Mens E-Mail,0,0,0.0,1,False,True,False,False,0.013396672104886494,1,low,5.0,1.0,0.013396672104886494
740,4,5) $500 - $750,615.27,1,1,1,Mens E-Mail,1,0,0.0,1,False,True,False,False,0.013395597707018213,1,low,5.0,1.0,0.013395597707018213
741,6,5) $500 - $750,668.59,1,1,1,Womens E-Mail,0,0,0.0,1,True,False,False,False,0.013392168182063222,1,low,5.0,1.0,0.013392168182063222
742,1,"6) $750 - $1,000",812.72,1,1,1,Womens E-Mail,1,0,0.0,1,True,False,False,False,0.013391173316035511,1,low,5.0,1.0,0.013391173316035511
743,1,"6) $750 - $1,000",812.14,1,1,1,No E-Mail,0,0,0.0,0,True,False,False,False,0.013389423398654303,1,low,5.0,1.0,0.013389423398654303
744,3,5) $500 - $750,640.97,1,1,1,Mens E-Mail,1,0,0.0,1,False,True,False,False,0.013385967282547744,1,low,5.0,1.0,0.013385967282547744
745,3,5) $500 - $750,640.69,1,1,1,Mens E-Mail,0,0,0.0,1,False,True,False,False,0.013385122494846469,1,low,5.0,1.0,0.013385122494846469
746,9,5) $500 - $750,579.35,1,1,1,No E-Mail,0,0,0.0,0,True,False,False,False,0.013384431874426572,1,low,5.0,1.0,0.013384431874426572
747,3,"7) $1,000 +",1211.76,1,1,1,No E-Mail,0,0,0.0,0,False,True,False,True,0.013377726360631392,1,low,5.0,1.0,0.013377726360631392
748,1,"6) $750 - $1,000",806.91,1,1,1,Womens E-Mail,1,0,0.0,1,True,False,False,False,0.01337364397123409,1,low,5.0,1.0,0.01337364397123409
749,9,4) $350 - $500,463.52,1,1,1,No E-Mail,0,0,0.0,0,False,True,False,False,0.013373602279175556,1,low,5.0,1.0,0.013373602279175556
750,1,5) $500 - $750,694.59,1,1,1,Mens E-Mail,0,0,0.0,1,False,True,False,False,0.013373404393238322,1,low,5.0,1.0,0.013373404393238322
751,4,5) $500 - $750,607.43,1,1,1,Womens E-Mail,0,0,0.0,1,False,True,False,False,0.013371943651382563,1,low,5.0,1.0,0.013371943651382563
752,1,"6) $750 - $1,000",806.22,1,1,1,Womens E-Mail,1,0,0.0,1,True,False,False,False,0.013371562172970239,1,low,5.0,1.0,0.013371562172970239
753,4,"6) $750 - $1,000",963.06,1,1,1,Mens E-Mail,0,0,0.0,1,False,False,False,False,0.013370855077927145,1,low,5.0,1.0,0.013370855077927145
754,2,"6) $750 - $1,000",776.64,1,1,1,Mens E-Mail,0,0,0.0,1,True,False,False,False,0.013369486253580209,1,low,5.0,1.0,0.013369486253580209
755,7,5) $500 - $750,519.84,1,1,1,No E-Mail,0,0,0.0,0,False,True,False,False,0.01336918555698556,1,low,5.0,1.0,0.01336918555698556
756,6,5) $500 - $750,660.22,1,1,1,Womens E-Mail,1,0,0.0,1,True,False,False,False,0.013366915063993016,1,low,5.0,1.0,0.013366915063993016
757,1,"6) $750 - $1,000",804.15,1,1,1,Mens E-Mail,1,0,0.0,1,True,False,False,False,0.013365316778178682,1,low,5.0,1.0,0.013365316778178682
758,1,"6) $750 - $1,000",803.78,1,1,1,No E-Mail,0,0,0.0,0,True,False,False,False,0.013364200451573428,1,low,5.0,1.0,0.013364200451573428
759,12,"6) $750 - $1,000",947.0,1,1,1,Mens E-Mail,0,0,0.0,1,False,True,False,True,0.01336344805056348,1,low,5.0,1.0,0.01336344805056348
760,1,5) $500 - $750,690.86,1,1,1,Womens E-Mail,0,0,0.0,1,False,True,False,False,0.013362150614217791,1,low,5.0,1.0,0.013362150614217791
761,2,5) $500 - $750,661.58,1,1,1,No E-Mail,0,0,0.0,0,False,True,False,False,0.013360979824507697,1,low,5.0,1.0,0.013360979824507697
762,2,5) $500 - $750,661.33,1,1,1,No E-Mail,1,0,0.0,0,False,True,False,False,0.013360225549774417,1,low,5.0,1.0,0.013360225549774417
763,2,5) $500 - $750,660.49,1,1,1,Womens E-Mail,0,0,0.0,1,False,True,False,False,0.013357691186670597,1,low,5.0,1.0,0.013357691186670597
764,1,"6) $750 - $1,000",800.95,1,1,1,Mens E-Mail,0,0,0.0,1,True,False,False,False,0.013355662061592702,1,low,5.0,1.0,0.013355662061592702
765,1,"6) $750 - $1,000",800.66,1,1,1,Mens E-Mail,0,0,0.0,1,True,False,False,False,0.013354787102902098,1,low,5.0,1.0,0.013354787102902098
766,7,5) $500 - $750,514.75,1,1,1,Mens E-Mail,0,0,0.0,1,False,True,False,False,0.013353828523415986,1,low,5.0,1.0,0.013353828523415986
767,7,5) $500 - $750,626.68,1,1,1,No E-Mail,0,0,0.0,0,True,False,False,False,0.013352891432827835,1,low,5.0,1.0,0.013352891432827835
768,1,"7) $1,000 +",1373.3,1,1,1,Womens E-Mail,0,0,0.0,1,True,False,False,True,0.01335212781401202,1,low,5.0,1.0,0.01335212781401202
769,10,5) $500 - $750,539.69,1,1,1,Womens E-Mail,0,0,0.0,1,True,False,False,False,0.013351943597790704,1,low,5.0,1.0,0.013351943597790704
770,3,5) $500 - $750,629.68,1,1,1,Womens E-Mail,0,0,0.0,1,False,True,False,False,0.013351904235592831,1,low,5.0,1.0,0.013351904235592831
771,6,5) $500 - $750,542.16,1,1,1,Womens E-Mail,1,0,0.0,1,False,True,False,False,0.013349357338121145,1,low,5.0,1.0,0.013349357338121145
772,3,5) $500 - $750,628.76,1,1,1,Mens E-Mail,0,0,0.0,1,False,True,False,False,0.01334912850457436,1,low,5.0,1.0,0.01334912850457436
773,9,4) $350 - $500,455.37,1,1,1,Mens E-Mail,0,0,0.0,1,False,True,False,False,0.013349012922870638,1,low,5.0,1.0,0.013349012922870638
774,10,"6) $750 - $1,000",782.01,1,1,1,Womens E-Mail,0,0,0.0,1,False,False,False,False,0.013347628518395733,1,low,5.0,1.0,0.013347628518395733
775,1,5) $500 - $750,685.94,1,1,1,Mens E-Mail,0,0,0.0,1,False,True,False,False,0.013347306487466844,1,low,5.0,1.0,0.013347306487466844
776,2,"7) $1,000 +",1012.9,1,1,1,No E-Mail,1,0,0.0,0,False,False,False,False,0.013346887554650536,1,low,5.0,1.0,0.013346887554650536
777,10,5) $500 - $750,537.89,1,1,1,No E-Mail,0,0,0.0,0,True,False,False,False,0.01334651281971109,1,low,5.0,1.0,0.01334651281971109
778,10,4) $350 - $500,425.46,1,1,1,Womens E-Mail,1,0,0.0,1,False,True,False,False,0.01334594136083268,1,low,5.0,1.0,0.01334594136083268
779,7,5) $500 - $750,624.18,1,1,1,Mens E-Mail,0,0,0.0,1,True,False,False,False,0.013345348685495037,1,low,5.0,1.0,0.013345348685495037
780,5,5) $500 - $750,569.2,1,1,1,Womens E-Mail,0,0,0.0,1,False,True,False,False,0.013343769826221055,1,low,5.0,1.0,0.013343769826221055
781,1,5) $500 - $750,683.79,1,1,1,Womens E-Mail,0,0,0.0,1,False,True,False,False,0.01334081972476064,1,low,5.0,1.0,0.01334081972476064
782,1,5) $500 - $750,683.62,1,1,1,No E-Mail,0,0,0.0,0,False,True,False,False,0.013340306817942009,1,low,5.0,1.0,0.013340306817942009
783,4,5) $500 - $750,708.83,1,1,1,No E-Mail,0,0,0.0,0,True,False,False,False,0.01333923650902867,1,low,5.0,1.0,0.01333923650902867
784,3,5) $500 - $750,737.55,1,1,1,Womens E-Mail,0,0,0.0,1,True,False,False,False,0.013338717723336219,1,low,5.0,1.0,0.013338717723336219
785,4,5) $500 - $750,596.35,1,1,1,Womens E-Mail,0,0,0.0,1,False,True,False,False,0.013338514195203606,1,low,5.0,1.0,0.013338514195203606
786,8,4) $350 - $500,480.37,1,1,1,Mens E-Mail,0,0,0.0,1,False,True,False,False,0.013337270529146985,1,low,5.0,1.0,0.013337270529146985
787,2,5) $500 - $750,653.69,1,1,1,Mens E-Mail,0,0,0.0,1,False,True,False,False,0.013337174913925387,1,low,5.0,1.0,0.013337174913925387
788,7,5) $500 - $750,508.95,1,1,1,Mens E-Mail,0,0,0.0,1,False,True,False,False,0.013336329349603895,1,low,5.0,1.0,0.013336329349603895
789,5,5) $500 - $750,678.83,1,1,1,Womens E-Mail,0,0,0.0,1,True,False,False,False,0.01333589340808673,1,low,5.0,1.0,0.01333589340808673
790,1,"7) $1,000 +",1367.01,1,1,1,Mens E-Mail,0,0,0.0,1,True,False,False,True,0.013333150261722701,1,low,5.0,1.0,0.013333150261722701
791,2,"6) $750 - $1,000",764.42,1,1,1,No E-Mail,0,0,0.0,0,True,False,False,False,0.013332617304617496,1,low,5.0,1.0,0.013332617304617496
792,1,"7) $1,000 +",1853.3,0,1,1,Mens E-Mail,0,0,0.0,1,True,False,False,False,0.013332359349254102,1,low,5.0,1.0,0.013332359349254102
793,11,5) $500 - $750,747.26,1,1,1,No E-Mail,0,0,0.0,0,False,False,False,False,0.013329954197521476,1,low,5.0,1.0,0.013329954197521476
794,2,"6) $750 - $1,000",763.44,1,1,1,No E-Mail,0,0,0.0,0,True,False,False,False,0.013329660547663038,1,low,5.0,1.0,0.013329660547663038
795,9,5) $500 - $750,560.45,1,1,1,Mens E-Mail,1,0,0.0,1,True,False,False,False,0.013327408704590624,1,low,5.0,1.0,0.013327408704590624
796,3,"7) $1,000 +",1195.03,1,1,1,No E-Mail,0,0,0.0,0,False,True,False,True,0.013327250295480313,1,low,5.0,1.0,0.013327250295480313
797,2,5) $500 - $750,650.29,1,1,1,No E-Mail,0,0,0.0,0,False,True,False,False,0.013326916777552784,1,low,5.0,1.0,0.013326916777552784
798,8,5) $500 - $750,589.07,1,1,1,Mens E-Mail,1,0,0.0,1,True,False,False,False,0.01332658820900486,1,low,5.0,1.0,0.01332658820900486
799,4,"7) $1,000 +",1165.58,1,1,1,No E-Mail,0,0,0.0,0,False,True,False,True,0.01332556659895159,1,low,5.0,1.0,0.01332556659895159
800,12,"6) $750 - $1,000",934.26,1,1,1,No E-Mail,0,0,0.0,0,False,True,False,True,0.013325010210155544,1,low,5.0,1.0,0.013325010210155544
801,4,5) $500 - $750,591.58,1,1,1,No E-Mail,0,0,0.0,0,False,True,False,False,0.013324122633292627,1,low,5.0,1.0,0.013324122633292627
802,2,5) $500 - $750,649.14,1,1,1,Mens E-Mail,0,0,0.0,1,False,True,False,False,0.013323447113779696,1,low,5.0,1.0,0.013323447113779696
803,11,5) $500 - $750,500.3,1,1,1,No E-Mail,0,0,0.0,0,True,False,False,False,0.013320269937866778,1,low,5.0,1.0,0.013320269937866778
804,7,5) $500 - $750,503.2,1,1,1,Mens E-Mail,1,0,0.0,1,False,True,False,False,0.013318981030738461,1,low,5.0,1.0,0.013318981030738461
805,4,5) $500 - $750,701.66,1,1,1,Mens E-Mail,1,0,0.0,1,True,False,False,False,0.013317603909678209,1,low,5.0,1.0,0.013317603909678209
806,6,5) $500 - $750,643.62,1,1,1,Womens E-Mail,0,0,0.0,1,True,False,False,False,0.013316831221703242,1,low,5.0,1.0,0.013316831221703242
807,2,"6) $750 - $1,000",758.65,1,1,1,Mens E-Mail,0,0,0.0,1,True,False,False,False,0.0133152086437734,1,low,5.0,1.0,0.0133152086437734
808,1,"7) $1,000 +",1248.64,1,1,1,Womens E-Mail,0,0,0.0,1,False,True,False,True,0.013314657235181566,1,low,5.0,1.0,0.013314657235181566
809,3,5) $500 - $750,729.03,1,1,1,No E-Mail,0,0,0.0,0,True,False,False,False,0.013313012040426045,1,low,5.0,1.0,0.013313012040426045
810,2,5) $500 - $750,645.59,1,1,1,Womens E-Mail,1,1,44.64,1,False,True,False,False,0.013312736412567125,1,low,5.0,1.0,0.013312736412567125
811,2,5) $500 - $750,644.66,1,1,1,Mens E-Mail,0,0,0.0,1,False,True,False,False,0.013309930510559325,1,low,5.0,1.0,0.013309930510559325
812,3,5) $500 - $750,615.29,1,1,1,No E-Mail,0,0,0.0,0,False,True,False,False,0.013308488181945247,1,low,5.0,1.0,0.013308488181945247
813,1,5) $500 - $750,672.69,1,1,1,No E-Mail,1,0,0.0,0,False,True,False,False,0.01330732992660302,1,low,5.0,1.0,0.01330732992660302
814,6,5) $500 - $750,528.03,1,1,1,Womens E-Mail,0,0,0.0,1,False,True,False,False,0.013306725730196176,1,low,5.0,1.0,0.013306725730196176
815,1,"6) $750 - $1,000",784.73,1,1,1,No E-Mail,0,0,0.0,0,True,False,False,False,0.013306724716897513,1,low,5.0,1.0,0.013306724716897513
816,6,5) $500 - $750,527.0,1,1,1,Womens E-Mail,1,0,0.0,1,False,True,False,False,0.013303618118295064,1,low,5.0,1.0,0.013303618118295064
817,4,5) $500 - $750,696.7,1,1,1,Womens E-Mail,0,0,0.0,1,True,False,False,False,0.013302639098969938,1,low,5.0,1.0,0.013302639098969938
818,5,5) $500 - $750,667.14,1,1,1,Womens E-Mail,0,0,0.0,1,True,False,False,False,0.01330062352155857,1,low,5.0,1.0,0.01330062352155857
819,10,4) $350 - $500,410.32,1,1,1,No E-Mail,0,0,0.0,0,False,True,False,False,0.01330026248298526,1,low,5.0,1.0,0.01330026248298526
820,5,5) $500 - $750,554.48,1,1,1,No E-Mail,1,0,0.0,0,False,True,False,False,0.013299358129925543,1,low,5.0,1.0,0.013299358129925543
821,2,"7) $1,000 +",1326.91,1,1,1,Mens E-Mail,0,0,0.0,1,True,False,False,True,0.01329933446155626,1,low,5.0,1.0,0.01329933446155626
822,4,5) $500 - $750,694.6,1,1,1,Womens E-Mail,0,0,0.0,1,True,False,False,False,0.013296303191210388,1,low,5.0,1.0,0.013296303191210388
823,9,5) $500 - $750,550.07,1,1,1,No E-Mail,1,0,0.0,0,True,False,False,False,0.013296091217664851,1,low,5.0,1.0,0.013296091217664851
824,2,5) $500 - $750,639.89,1,1,1,Womens E-Mail,0,0,0.0,1,False,True,False,False,0.013295538948648346,1,low,5.0,1.0,0.013295538948648346
825,3,5) $500 - $750,610.75,1,1,1,No E-Mail,0,0,0.0,0,False,True,False,False,0.013294790552788888,1,low,5.0,1.0,0.013294790552788888
826,10,5) $500 - $750,520.5,1,1,1,Mens E-Mail,1,0,0.0,1,True,False,False,False,0.013294045469264151,1,low,5.0,1.0,0.013294045469264151
827,3,5) $500 - $750,610.44,1,1,1,No E-Mail,0,0,0.0,0,False,True,False,False,0.013293855252119624,1,low,5.0,1.0,0.013293855252119624
828,6,"7) $1,000 +",1209.49,1,1,1,Mens E-Mail,0,0,0.0,1,True,False,False,True,0.013293746173035947,1,low,5.0,1.0,0.013293746173035947
829,1,5) $500 - $750,668.07,1,1,1,No E-Mail,0,0,0.0,0,False,True,False,False,0.013293390929532009,1,low,5.0,1.0,0.013293390929532009
830,6,"7) $1,000 +",1096.22,1,1,1,No E-Mail,0,0,0.0,0,False,True,False,True,0.013290640351053717,1,low,5.0,1.0,0.013290640351053717
831,2,5) $500 - $750,637.77,1,1,1,Womens E-Mail,0,0,0.0,1,False,True,False,False,0.013289142698910135,1,low,5.0,1.0,0.013289142698910135
832,1,5) $500 - $750,666.57,1,1,1,Mens E-Mail,1,0,0.0,1,False,True,False,False,0.013288865281132333,1,low,5.0,1.0,0.013288865281132333
833,5,5) $500 - $750,663.14,1,1,1,Womens E-Mail,1,0,0.0,1,True,False,False,False,0.013288555125826095,1,low,5.0,1.0,0.013288555125826095
834,3,5) $500 - $750,608.14,1,1,1,Womens E-Mail,0,0,0.0,1,False,True,False,False,0.013286915924573449,1,low,5.0,1.0,0.013286915924573449
835,1,5) $500 - $750,665.74,1,1,1,Mens E-Mail,1,0,0.0,1,False,True,False,False,0.013286361089017842,1,low,5.0,1.0,0.013286361089017842
836,10,5) $500 - $750,517.88,1,1,1,Womens E-Mail,1,0,0.0,1,True,False,False,False,0.01328614067005938,1,low,5.0,1.0,0.01328614067005938
837,7,5) $500 - $750,603.55,1,1,1,Womens E-Mail,0,0,0.0,1,True,False,False,False,0.013283105934504795,1,low,5.0,1.0,0.013283105934504795
838,5,"7) $1,000 +",1122.35,1,1,1,Mens E-Mail,0,0,0.0,1,False,True,False,True,0.013282307279124488,1,low,5.0,1.0,0.013282307279124488
839,1,"6) $750 - $1,000",775.61,1,1,1,No E-Mail,0,0,0.0,0,True,False,False,False,0.013279208774627469,1,low,5.0,1.0,0.013279208774627469
840,2,"7) $1,000 +",1207.26,1,1,1,Womens E-Mail,1,0,0.0,1,False,True,False,True,0.013276979548380731,1,low,5.0,1.0,0.013276979548380731
841,7,4) $350 - $500,488.77,1,1,1,Womens E-Mail,0,0,0.0,1,False,True,False,False,0.013275444293133553,1,low,5.0,1.0,0.013275444293133553
842,1,"6) $750 - $1,000",774.26,1,1,1,Mens E-Mail,0,0,0.0,1,True,False,False,False,0.013275135691067757,1,low,5.0,1.0,0.013275135691067757
843,4,5) $500 - $750,687.08,1,1,1,Womens E-Mail,0,0,0.0,1,True,False,False,False,0.013273614607233334,1,low,5.0,1.0,0.013273614607233334
844,1,"6) $750 - $1,000",773.36,1,1,1,Mens E-Mail,0,0,0.0,1,True,False,False,False,0.013272420302027951,1,low,5.0,1.0,0.013272420302027951
845,2,5) $500 - $750,632.02,1,1,1,Womens E-Mail,0,0,0.0,1,False,True,False,False,0.0132717943800447,1,low,5.0,1.0,0.0132717943800447
846,7,5) $500 - $750,598.89,1,1,1,No E-Mail,0,0,0.0,0,True,False,False,False,0.01326904625347646,1,low,5.0,1.0,0.01326904625347646
847,4,5) $500 - $750,685.01,1,1,1,Womens E-Mail,1,0,0.0,1,True,False,False,False,0.013267369212441779,1,low,5.0,1.0,0.013267369212441779
848,9,4) $350 - $500,427.27,1,1,1,No E-Mail,0,0,0.0,0,False,True,False,False,0.013264232442849997,1,low,5.0,1.0,0.013264232442849997
849,2,5) $500 - $750,741.26,1,1,1,Womens E-Mail,0,0,0.0,1,True,False,False,False,0.013262741293326462,1,low,5.0,1.0,0.013262741293326462
850,3,5) $500 - $750,712.21,1,1,1,No E-Mail,0,0,0.0,0,True,False,False,False,0.013262264436370986,1,low,5.0,1.0,0.013262264436370986
851,1,5) $500 - $750,657.63,1,1,1,No E-Mail,0,0,0.0,0,False,True,False,False,0.013261892416670248,1,low,5.0,1.0,0.013261892416670248
852,1,"6) $750 - $1,000",769.07,1,1,1,Womens E-Mail,0,0,0.0,1,True,False,False,False,0.01325947694760487,1,low,5.0,1.0,0.01325947694760487
853,2,5) $500 - $750,627.19,1,1,1,Mens E-Mail,1,0,0.0,1,False,True,False,False,0.013257221792197738,1,low,5.0,1.0,0.013257221792197738
854,1,"6) $750 - $1,000",767.04,1,1,1,Womens E-Mail,0,0,0.0,1,True,False,False,False,0.013253352236770639,1,low,5.0,1.0,0.013253352236770639
855,3,5) $500 - $750,709.17,1,1,1,Mens E-Mail,1,0,0.0,1,True,False,False,False,0.013253092455614303,1,low,5.0,1.0,0.013253092455614303
856,9,5) $500 - $750,535.81,1,1,1,Womens E-Mail,0,0,0.0,1,True,False,False,False,0.013253067386878575,1,low,5.0,1.0,0.013253067386878575
857,9,4) $350 - $500,422.95,1,1,1,Womens E-Mail,0,0,0.0,1,False,True,False,False,0.013251198575458922,1,low,5.0,1.0,0.013251198575458922
858,7,"7) $1,000 +",1054.12,1,1,1,Mens E-Mail,0,0,0.0,1,False,True,False,True,0.013250790353021038,1,low,5.0,1.0,0.013250790353021038
859,4,5) $500 - $750,679.08,1,1,1,No E-Mail,0,0,0.0,0,True,False,False,False,0.013249477815768382,1,low,5.0,1.0,0.013249477815768382
860,1,5) $500 - $750,652.81,1,1,1,Mens E-Mail,0,0,0.0,1,False,True,False,False,0.013247349999812617,1,low,5.0,1.0,0.013247349999812617
861,1,5) $500 - $750,651.51,1,1,1,Mens E-Mail,0,0,0.0,1,False,True,False,False,0.013243427771199561,1,low,5.0,1.0,0.013243427771199561
862,2,5) $500 - $750,621.34,1,1,1,Womens E-Mail,1,0,0.0,1,False,True,False,False,0.013239571763438991,1,low,5.0,1.0,0.013239571763438991
863,2,"7) $1,000 +",1680.99,0,1,1,Womens E-Mail,0,0,0.0,1,False,True,False,False,0.01323829387331216,1,low,5.0,1.0,0.01323829387331216
864,3,"7) $1,000 +",1275.92,1,1,1,Womens E-Mail,0,0,0.0,1,True,False,False,True,0.013232662454008153,1,low,5.0,1.0,0.013232662454008153
865,2,5) $500 - $750,618.77,1,1,1,Womens E-Mail,0,0,0.0,1,False,True,False,False,0.013231817819180876,1,low,5.0,1.0,0.013231817819180876
866,3,"7) $1,000 +",1162.91,1,1,1,Mens E-Mail,0,0,0.0,1,False,True,False,True,0.013230341077748536,1,low,5.0,1.0,0.013230341077748536
867,2,5) $500 - $750,618.08,1,1,1,Womens E-Mail,1,0,0.0,1,False,True,False,False,0.013229736020917024,1,low,5.0,1.0,0.013229736020917024
868,1,5) $500 - $750,646.37,1,1,1,Womens E-Mail,1,1,146.55,1,False,True,False,False,0.01322791988268333,1,low,5.0,1.0,0.01322791988268333
869,7,5) $500 - $750,585.2,1,1,1,Womens E-Mail,1,0,0.0,1,True,False,False,False,0.013227742169082063,1,low,5.0,1.0,0.013227742169082063
870,1,5) $500 - $750,646.28,1,1,1,Mens E-Mail,0,0,0.0,1,False,True,False,False,0.01322764834377935,1,low,5.0,1.0,0.01322764834377935
871,3,"7) $1,000 +",1161.56,1,1,1,Mens E-Mail,1,1,29.99,1,False,True,False,True,0.013226267994188825,1,low,5.0,1.0,0.013226267994188825
872,3,"7) $1,000 +",1777.78,1,1,1,Mens E-Mail,0,0,0.0,1,False,True,True,False,0.013223877327757882,1,low,5.0,1.0,0.013223877327757882
873,6,5) $500 - $750,612.59,1,1,1,Mens E-Mail,0,0,0.0,1,True,False,False,False,0.013223210641808562,1,low,5.0,1.0,0.013223210641808562
874,1,5) $500 - $750,644.57,1,1,1,Mens E-Mail,1,0,0.0,1,False,True,False,False,0.013222489104603715,1,low,5.0,1.0,0.013222489104603715
875,4,5) $500 - $750,557.17,1,1,1,Womens E-Mail,0,0,0.0,1,False,True,False,False,0.013220304259004004,1,low,5.0,1.0,0.013220304259004004
876,5,5) $500 - $750,639.5,1,1,1,Mens E-Mail,0,0,0.0,1,True,False,False,False,0.013217230907047165,1,low,5.0,1.0,0.013217230907047165
877,5,5) $500 - $750,526.82,1,1,1,Mens E-Mail,0,0,0.0,1,False,True,False,False,0.013215905173435474,1,low,5.0,1.0,0.013215905173435474
878,2,5) $500 - $750,612.97,1,1,1,Womens E-Mail,0,0,0.0,1,False,True,False,False,0.013214318645368785,1,low,5.0,1.0,0.013214318645368785
879,1,5) $500 - $750,641.43,1,1,1,Mens E-Mail,1,0,0.0,1,False,True,False,False,0.013213015413953724,1,low,5.0,1.0,0.013213015413953724
880,9,5) $500 - $750,521.72,1,1,1,Womens E-Mail,1,0,0.0,1,True,False,False,False,0.013210556462910928,1,low,5.0,1.0,0.013210556462910928
881,4,5) $500 - $750,552.39,1,1,1,No E-Mail,0,0,0.0,0,False,True,False,False,0.013205882526103697,1,low,5.0,1.0,0.013205882526103697
882,10,"6) $750 - $1,000",952.11,1,1,1,Mens E-Mail,0,0,0.0,1,False,True,False,True,0.013204525692008463,1,low,5.0,1.0,0.013204525692008463
883,1,"6) $750 - $1,000",750.85,1,1,1,Mens E-Mail,0,0,0.0,1,True,False,False,False,0.013204505405043443,1,low,5.0,1.0,0.013204505405043443
884,4,5) $500 - $750,663.89,1,1,1,No E-Mail,0,0,0.0,0,True,False,False,False,0.013203648082974306,1,low,5.0,1.0,0.013203648082974306
885,8,5) $500 - $750,547.39,1,1,1,No E-Mail,0,0,0.0,0,True,False,False,False,0.013200835525472463,1,low,5.0,1.0,0.013200835525472463
886,12,5) $500 - $750,675.21,1,1,1,Mens E-Mail,0,0,0.0,1,False,False,False,False,0.013199742086441887,1,low,5.0,1.0,0.013199742086441887
887,3,5) $500 - $750,577.79,1,1,1,Mens E-Mail,0,0,0.0,1,False,True,False,False,0.013195346971953289,1,low,5.0,1.0,0.013195346971953289
888,1,"7) $1,000 +",1208.54,1,1,1,No E-Mail,0,0,0.0,0,False,True,False,True,0.013193671567963496,1,low,5.0,1.0,0.013193671567963496
889,1,"6) $750 - $1,000",990.78,1,1,1,No E-Mail,0,0,0.0,0,False,False,False,False,0.013192979459198319,1,low,5.0,1.0,0.013192979459198319
890,7,4) $350 - $500,461.41,1,1,1,No E-Mail,0,0,0.0,0,False,True,False,False,0.01319289646632342,1,low,5.0,1.0,0.01319289646632342
891,2,5) $500 - $750,717.55,1,1,1,No E-Mail,0,0,0.0,0,True,False,False,False,0.013191205877622212,1,low,5.0,1.0,0.013191205877622212
892,5,5) $500 - $750,630.79,1,1,1,Womens E-Mail,1,0,0.0,1,True,False,False,False,0.013190951975339699,1,low,5.0,1.0,0.013190951975339699
893,6,4) $350 - $500,488.95,1,1,1,Mens E-Mail,0,0,0.0,1,False,True,False,False,0.013188817503889887,1,low,5.0,1.0,0.013188817503889887
894,9,5) $500 - $750,513.75,1,1,1,Womens E-Mail,0,0,0.0,1,True,False,False,False,0.01318651018441397,1,low,5.0,1.0,0.01318651018441397
895,1,5) $500 - $750,632.62,1,1,1,Mens E-Mail,1,0,0.0,1,False,True,False,False,0.013186434772352946,1,low,5.0,1.0,0.013186434772352946
896,3,5) $500 - $750,686.93,1,1,1,Mens E-Mail,0,0,0.0,1,True,False,False,False,0.013185992175341738,1,low,5.0,1.0,0.013185992175341738
897,10,4) $350 - $500,484.54,1,1,1,Womens E-Mail,0,0,0.0,1,True,False,False,False,0.013185550591629196,1,low,5.0,1.0,0.013185550591629196
898,4,5) $500 - $750,657.7,1,1,1,No E-Mail,0,0,0.0,0,True,False,False,False,0.0131849722405783,1,low,5.0,1.0,0.0131849722405783
899,8,"6) $750 - $1,000",785.81,1,1,1,Mens E-Mail,0,0,0.0,1,False,False,False,False,0.013184753760238328,1,low,5.0,1.0,0.013184753760238328
900,7,5) $500 - $750,570.78,1,1,1,Mens E-Mail,0,0,0.0,1,True,False,False,False,0.013184235602466487,1,low,5.0,1.0,0.013184235602466487
901,4,"7) $1,000 +",1118.73,1,1,1,No E-Mail,1,0,0.0,0,False,True,False,True,0.01318421551393497,1,low,5.0,1.0,0.01318421551393497
902,5,5) $500 - $750,628.07,1,1,1,No E-Mail,0,0,0.0,0,True,False,False,False,0.013182745466241616,1,low,5.0,1.0,0.013182745466241616
903,4,5) $500 - $750,656.92,1,1,1,Mens E-Mail,0,0,0.0,1,True,False,False,False,0.013182618903410468,1,low,5.0,1.0,0.013182618903410468
904,1,"7) $1,000 +",1204.21,1,1,1,Mens E-Mail,1,0,0.0,1,False,True,False,True,0.01318060752958309,1,low,5.0,1.0,0.01318060752958309
905,5,5) $500 - $750,513.98,1,1,1,No E-Mail,0,0,0.0,0,False,True,False,False,0.013177165623134226,1,low,5.0,1.0,0.013177165623134226
906,2,5) $500 - $750,711.82,1,1,1,Womens E-Mail,1,1,29.99,1,True,False,False,False,0.013173917900735441,1,low,5.0,1.0,0.013173917900735441
907,8,4) $350 - $500,426.03,1,1,1,No E-Mail,0,0,0.0,0,False,True,False,False,0.013173321373121303,1,low,5.0,1.0,0.013173321373121303
908,2,5) $500 - $750,599.05,1,1,1,Womens E-Mail,0,0,0.0,1,False,True,False,False,0.013172320628219769,1,low,5.0,1.0,0.013172320628219769
909,5,5) $500 - $750,512.14,1,1,1,Mens E-Mail,0,0,0.0,1,False,True,False,False,0.01317161416109729,1,low,5.0,1.0,0.01317161416109729
910,1,5) $500 - $750,738.87,1,1,1,No E-Mail,0,0,0.0,0,True,False,False,False,0.01316836055982468,1,low,5.0,1.0,0.01316836055982468
911,1,5) $500 - $750,738.67,1,1,1,Womens E-Mail,0,0,0.0,1,True,False,False,False,0.013167757140038056,1,low,5.0,1.0,0.013167757140038056
912,1,5) $500 - $750,738.66,1,1,1,Mens E-Mail,0,0,0.0,1,True,False,False,False,0.013167726969048724,1,low,5.0,1.0,0.013167726969048724
913,1,5) $500 - $750,738.62,1,1,1,Womens E-Mail,0,0,0.0,1,True,False,False,False,0.0131676062850914,1,low,5.0,1.0,0.0131676062850914
914,5,5) $500 - $750,622.94,1,1,1,Mens E-Mail,1,0,0.0,1,True,False,False,False,0.013167267748714715,1,low,5.0,1.0,0.013167267748714715
915,11,3) $200 - $350,337.09,1,1,1,Womens E-Mail,0,0,0.0,1,False,True,False,False,0.013166490195164589,1,low,5.0,1.0,0.013166490195164589
916,2,5) $500 - $750,596.94,1,1,1,No E-Mail,0,0,0.0,0,False,True,False,False,0.01316595454947089,1,low,5.0,1.0,0.01316595454947089
917,2,"6) $750 - $1,000",952.61,1,1,1,No E-Mail,0,0,0.0,0,False,False,False,False,0.013164986659972797,1,low,5.0,1.0,0.013164986659972797
918,1,"7) $1,000 +",1927.91,1,1,1,No E-Mail,1,1,105.54,0,True,False,True,False,0.01316385368231162,1,low,5.0,1.0,0.01316385368231162
919,3,5) $500 - $750,678.11,1,1,1,Womens E-Mail,0,0,0.0,1,True,False,False,False,0.01315938136275163,1,low,5.0,1.0,0.01315938136275163
920,1,5) $500 - $750,623.59,1,1,1,Mens E-Mail,1,0,0.0,1,False,True,False,False,0.01315919036898688,1,low,5.0,1.0,0.01315919036898688
921,1,5) $500 - $750,735.75,1,1,1,Mens E-Mail,0,0,0.0,1,True,False,False,False,0.013158947211153349,1,low,5.0,1.0,0.013158947211153349
922,4,5) $500 - $750,536.08,1,1,1,No E-Mail,0,0,0.0,0,False,True,False,False,0.013156673642504526,1,low,5.0,1.0,0.013156673642504526
923,1,5) $500 - $750,622.16,1,1,1,Mens E-Mail,0,0,0.0,1,False,True,False,False,0.01315487591751252,1,low,5.0,1.0,0.01315487591751252
924,2,5) $500 - $750,592.87,1,1,1,No E-Mail,1,0,0.0,0,False,True,False,False,0.013153674956813095,1,low,5.0,1.0,0.013153674956813095
925,8,"6) $750 - $1,000",774.45,1,1,1,Womens E-Mail,0,0,0.0,1,False,False,False,False,0.013150479516358098,1,low,5.0,1.0,0.013150479516358098
926,4,5) $500 - $750,646.22,1,1,1,Womens E-Mail,0,0,0.0,1,True,False,False,False,0.013150335944826095,1,low,5.0,1.0,0.013150335944826095
927,4,5) $500 - $750,533.62,1,1,1,No E-Mail,1,1,90.42,0,False,True,False,False,0.013149251579129054,1,low,5.0,1.0,0.013149251579129054
928,2,"7) $1,000 +",1277.1,1,1,1,Womens E-Mail,0,0,0.0,1,True,False,False,True,0.013149052763697607,1,low,5.0,1.0,0.013149052763697607
929,1,"7) $1,000 +",1678.95,0,1,1,Mens E-Mail,0,0,0.0,1,False,True,False,False,0.01314496912443697,1,low,5.0,1.0,0.01314496912443697
930,4,5) $500 - $750,644.25,1,1,1,No E-Mail,1,0,0.0,0,True,False,False,False,0.013144392259927851,1,low,5.0,1.0,0.013144392259927851
931,12,3) $200 - $350,300.54,1,1,1,Mens E-Mail,0,0,0.0,1,False,True,False,False,0.01314338509621072,1,low,5.0,1.0,0.01314338509621072
932,1,5) $500 - $750,730.2,1,1,1,Mens E-Mail,0,0,0.0,1,True,False,False,False,0.013142202312074538,1,low,5.0,1.0,0.013142202312074538
933,4,5) $500 - $750,643.42,1,1,1,Womens E-Mail,0,0,0.0,1,True,False,False,False,0.013141888067813362,1,low,5.0,1.0,0.013141888067813362
934,2,5) $500 - $750,699.81,1,1,1,Womens E-Mail,1,0,0.0,1,True,False,False,False,0.013137682542548683,1,low,5.0,1.0,0.013137682542548683
935,1,5) $500 - $750,616.27,1,1,1,No E-Mail,0,0,0.0,0,False,True,False,False,0.01313710520479645,1,low,5.0,1.0,0.01313710520479645
936,8,5) $500 - $750,526.26,1,1,1,No E-Mail,0,0,0.0,0,True,False,False,False,0.013137084225015661,1,low,5.0,1.0,0.013137084225015661
937,5,5) $500 - $750,612.02,1,1,1,Mens E-Mail,0,0,0.0,1,True,False,False,False,0.013134321028365056,1,low,5.0,1.0,0.013134321028365056
938,1,5) $500 - $750,615.14,1,1,1,Womens E-Mail,1,1,29.99,1,False,True,False,False,0.013133695883002026,1,low,5.0,1.0,0.013133695883002026
939,5,5) $500 - $750,611.38,1,1,1,Womens E-Mail,0,0,0.0,1,True,False,False,False,0.01313239008504786,1,low,5.0,1.0,0.01313239008504786
940,1,"7) $1,000 +",1674.63,0,1,1,Mens E-Mail,0,0,0.0,1,False,True,False,False,0.013131935257045896,1,low,5.0,1.0,0.013131935257045896
941,10,"6) $750 - $1,000",927.23,1,1,1,Mens E-Mail,0,0,0.0,1,False,True,False,True,0.013129460270552461,1,low,5.0,1.0,0.013129460270552461
942,4,5) $500 - $750,638.81,1,1,1,Womens E-Mail,0,0,0.0,1,True,False,False,False,0.013127979241731685,1,low,5.0,1.0,0.013127979241731685
943,5,5) $500 - $750,608.82,1,1,1,Womens E-Mail,1,0,0.0,1,True,False,False,False,0.013124666311779077,1,low,5.0,1.0,0.013124666311779077
944,1,5) $500 - $750,723.22,1,1,1,Womens E-Mail,0,0,0.0,1,True,False,False,False,0.013121142961521368,1,low,5.0,1.0,0.013121142961521368
945,1,"6) $750 - $1,000",966.76,1,1,1,Womens E-Mail,0,0,0.0,1,False,False,False,False,0.013120508742824801,1,low,5.0,1.0,0.013120508742824801
946,4,5) $500 - $750,636.04,1,1,1,No E-Mail,0,0,0.0,0,True,False,False,False,0.013119621877686945,1,low,5.0,1.0,0.013119621877686945
947,2,5) $500 - $750,581.26,1,1,1,No E-Mail,0,0,0.0,0,False,True,False,False,0.013118646438199585,1,low,5.0,1.0,0.013118646438199585
948,6,"7) $1,000 +",1039.2,1,1,1,Womens E-Mail,1,1,168.51,1,False,True,False,True,0.013118605369887276,1,low,5.0,1.0,0.013118605369887276
949,1,5) $500 - $750,609.66,1,1,1,Mens E-Mail,0,0,0.0,1,False,True,False,False,0.013117162180848532,1,low,5.0,1.0,0.013117162180848532
950,1,5) $500 - $750,721.62,1,1,1,Mens E-Mail,0,0,0.0,1,True,False,False,False,0.013116315603228379,1,low,5.0,1.0,0.013116315603228379
951,6,5) $500 - $750,576.95,1,1,1,Womens E-Mail,0,0,0.0,1,True,False,False,False,0.013115681235832203,1,low,5.0,1.0,0.013115681235832203
952,1,5) $500 - $750,608.38,1,1,1,Womens E-Mail,0,0,0.0,1,False,True,False,False,0.01311330029421414,1,low,5.0,1.0,0.01311330029421414
953,6,5) $500 - $750,575.64,1,1,1,Mens E-Mail,1,0,0.0,1,True,False,False,False,0.013111728836229818,1,low,5.0,1.0,0.013111728836229818
954,6,"7) $1,000 +",1149.12,1,1,1,Mens E-Mail,0,0,0.0,1,True,False,False,True,0.013111603910443559,1,low,5.0,1.0,0.013111603910443559
955,3,5) $500 - $750,662.11,1,1,1,No E-Mail,0,0,0.0,0,True,False,False,False,0.013111107779821727,1,low,5.0,1.0,0.013111107779821727
956,1,5) $500 - $750,607.61,1,1,1,No E-Mail,0,0,0.0,0,False,True,False,False,0.01311097712803564,1,low,5.0,1.0,0.01311097712803564
957,1,5) $500 - $750,607.3,1,1,1,No E-Mail,0,0,0.0,0,False,True,False,False,0.013110041827366373,1,low,5.0,1.0,0.013110041827366373
958,1,"7) $1,000 +",1779.41,0,1,1,Mens E-Mail,0,0,0.0,1,True,False,False,False,0.013109425909085946,1,low,5.0,1.0,0.013109425909085946
959,10,4) $350 - $500,458.6,1,1,1,Womens E-Mail,0,0,0.0,1,True,False,False,False,0.01310728704530409,1,low,5.0,1.0,0.01310728704530409
960,6,5) $500 - $750,573.67,1,1,1,No E-Mail,0,0,0.0,0,True,False,False,False,0.013105785151331574,1,low,5.0,1.0,0.013105785151331574
961,2,5) $500 - $750,689.14,1,1,1,Womens E-Mail,1,0,0.0,1,True,False,False,False,0.013105490096932303,1,low,5.0,1.0,0.013105490096932303
962,6,"7) $1,000 +",1034.31,1,1,1,No E-Mail,0,0,0.0,0,False,True,False,True,0.013103851756104325,1,low,5.0,1.0,0.013103851756104325
963,8,"7) $1,000 +",1088.06,1,1,1,No E-Mail,1,0,0.0,0,True,False,False,True,0.013101719583690573,1,low,5.0,1.0,0.013101719583690573
964,2,5) $500 - $750,575.2,1,1,1,Mens E-Mail,0,0,0.0,1,False,True,False,False,0.013100362818664883,1,low,5.0,1.0,0.013100362818664883
965,1,"7) $1,000 +",1177.46,1,1,1,Womens E-Mail,0,0,0.0,1,False,True,False,True,0.01309990013312216,1,low,5.0,1.0,0.01309990013312216
966,1,5) $500 - $750,715.09,1,1,1,No E-Mail,0,0,0.0,0,True,False,False,False,0.013096613947195112,1,low,5.0,1.0,0.013096613947195112
967,6,5) $500 - $750,569.18,1,1,1,No E-Mail,0,0,0.0,0,True,False,False,False,0.01309223837712187,1,low,5.0,1.0,0.01309223837712187
968,3,"6) $750 - $1,000",898.75,1,1,1,Womens E-Mail,0,0,0.0,1,False,False,False,False,0.013089655578486641,1,low,5.0,1.0,0.013089655578486641
969,2,5) $500 - $750,683.39,1,1,1,Mens E-Mail,0,0,0.0,1,True,False,False,False,0.01308814177806687,1,low,5.0,1.0,0.01308814177806687
970,2,5) $500 - $750,683.17,1,1,1,No E-Mail,0,0,0.0,0,True,False,False,False,0.013087478016301583,1,low,5.0,1.0,0.013087478016301583
971,3,5) $500 - $750,654.21,1,1,1,No E-Mail,1,0,0.0,0,True,False,False,False,0.013087272698250088,1,low,5.0,1.0,0.013087272698250088
972,7,5) $500 - $750,538.33,1,1,1,No E-Mail,0,0,0.0,0,True,False,False,False,0.01308633074208678,1,low,5.0,1.0,0.01308633074208678
973,1,5) $500 - $750,711.34,1,1,1,Mens E-Mail,0,0,0.0,1,True,False,False,False,0.013085299826195917,1,low,5.0,1.0,0.013085299826195917
974,4,5) $500 - $750,623.69,1,1,1,Womens E-Mail,0,0,0.0,1,True,False,False,False,0.013082360705862927,1,low,5.0,1.0,0.013082360705862927
975,10,"6) $750 - $1,000",911.59,1,1,1,Mens E-Mail,0,0,0.0,1,False,True,False,True,0.013082272843238481,1,low,5.0,1.0,0.013082272843238481
976,4,5) $500 - $750,623.56,1,1,1,No E-Mail,0,0,0.0,0,True,False,False,False,0.01308196848300162,1,low,5.0,1.0,0.01308196848300162
977,1,5) $500 - $750,597.7,1,1,1,Womens E-Mail,0,0,0.0,1,False,True,False,False,0.013081077677608431,1,low,5.0,1.0,0.013081077677608431
978,2,5) $500 - $750,680.32,1,1,1,Womens E-Mail,1,0,0.0,1,True,False,False,False,0.013078879284342195,1,low,5.0,1.0,0.013078879284342195
979,8,5) $500 - $750,506.74,1,1,1,Womens E-Mail,0,0,0.0,1,True,False,False,False,0.01307819045384118,1,low,5.0,1.0,0.01307819045384118
980,3,5) $500 - $750,538.8,1,1,1,Mens E-Mail,0,0,0.0,1,False,True,False,False,0.013077710284550983,1,low,5.0,1.0,0.013077710284550983
981,12,4) $350 - $500,388.82,1,1,1,Mens E-Mail,0,0,0.0,1,True,False,False,False,0.01307109361585431,1,low,5.0,1.0,0.01307109361585431
982,1,5) $500 - $750,706.33,1,1,1,Womens E-Mail,1,0,0.0,1,True,False,False,False,0.01307018416054099,1,low,5.0,1.0,0.01307018416054099
983,3,"7) $1,000 +",1221.92,1,1,1,Womens E-Mail,0,0,0.0,1,True,False,False,True,0.013069739111619733,1,low,5.0,1.0,0.013069739111619733
984,3,5) $500 - $750,648.39,1,1,1,No E-Mail,1,0,0.0,0,True,False,False,False,0.013069713182459336,1,low,5.0,1.0,0.013069713182459336
985,5,4) $350 - $500,477.85,1,1,1,Womens E-Mail,0,0,0.0,1,False,True,False,False,0.013068157838680643,1,low,5.0,1.0,0.013068157838680643
986,1,5) $500 - $750,704.17,1,1,1,Womens E-Mail,1,0,0.0,1,True,False,False,False,0.013063667226845453,1,low,5.0,1.0,0.013063667226845453
987,7,5) $500 - $750,529.92,1,1,1,No E-Mail,1,0,0.0,0,True,False,False,False,0.01306095694005925,1,low,5.0,1.0,0.01306095694005925
988,6,"7) $1,000 +",1016.83,1,1,1,Mens E-Mail,0,0,0.0,1,False,True,False,True,0.013051112866753405,1,low,5.0,1.0,0.013051112866753405
989,5,"7) $1,000 +",1532.18,0,1,1,Womens E-Mail,0,0,0.0,1,False,True,False,False,0.013050828982229618,1,low,5.0,1.0,0.013050828982229618
990,1,"7) $1,000 +",1777.61,1,1,1,Womens E-Mail,0,0,0.0,1,False,True,True,False,0.013049024686835997,1,low,5.0,1.0,0.013049024686835997
991,6,5) $500 - $750,554.81,1,1,1,No E-Mail,0,0,0.0,0,True,False,False,False,0.013048882665452951,1,low,5.0,1.0,0.013048882665452951
992,4,5) $500 - $750,610.95,1,1,1,Womens E-Mail,0,0,0.0,1,True,False,False,False,0.013043922865454992,1,low,5.0,1.0,0.013043922865454992
993,2,5) $500 - $750,555.76,1,1,1,Mens E-Mail,0,0,0.0,1,False,True,False,False,0.013041710415405052,1,low,5.0,1.0,0.013041710415405052
994,1,5) $500 - $750,696.83,1,1,1,Mens E-Mail,1,0,0.0,1,True,False,False,False,0.013041521720676361,1,low,5.0,1.0,0.013041521720676361
995,4,5) $500 - $750,609.88,1,1,1,No E-Mail,0,0,0.0,0,True,False,False,False,0.013040694569596554,1,low,5.0,1.0,0.013040694569596554
996,2,5) $500 - $750,555.41,1,1,1,Mens E-Mail,1,0,0.0,1,False,True,False,False,0.01304065443077846,1,low,5.0,1.0,0.01304065443077846
997,2,5) $500 - $750,667.6,1,1,1,Womens E-Mail,0,0,0.0,1,True,False,False,False,0.013040501785912923,1,low,5.0,1.0,0.013040501785912923
998,2,5) $500 - $750,554.49,1,1,1,No E-Mail,0,0,0.0,0,False,True,False,False,0.013037878699759992,1,low,5.0,1.0,0.013037878699759992
999,2,5) $500 - $750,666.69,1,1,1,Mens E-Mail,0,0,0.0,1,True,False,False,False,0.013037756225883785,1,low,5.0,1.0,0.013037756225883785
1000,2,5) $500 - $750,665.96,1,1,1,No E-Mail,0,0,0.0,0,True,False,False,False,0.013035553743662607,1,low,5.0,1.0,0.013035553743662607
